Date,Code,Title
2023-11-10,373220,공매도 금지 무색…코스닥 일주일만에 800선 붕괴[시황종합]
2023-11-10,373220,"[오전 시황] 미 국채 금리 상승에…코스피, 2400선 내줬다"
2023-11-10,373220,"코스피, 기관 매도에 2,400선으로 하락…외국인 삼성전자·한미반도체·SK하이..."
2023-11-10,373220,"코스피, 기관 '팔자' 공세에…2400선 턱걸이"
2023-11-10,373220,"(마감 시황) 코스피, 기관 순매도 속 하락…2,400선 후퇴"
2023-11-09,373220,안방 넘은 中배터리 어느새 이정도…내수 빼고도 LG엔솔과 공동1위
2023-11-09,373220,"LG, 3분기 매출·영업이익 소폭 늘어…""당기순이익 50% 이상 환원"""
2023-11-09,373220,"[코스피 마감]외인, 반도체 등 대형주 '사자'에 0.23%↑…2420선"
2023-11-09,373220,"[IB토마토]미래에셋증권, 마지막 대어 에코프로머티리얼즈로 IPO 1위 탈환"
2023-11-09,373220,"(마감 시황) 코스피, 외인·기관 ‘사자’ 속 상승…2,420선 유지"
2023-11-08,373220,2차전지 불바다에…롤러코스터 타는 코스피
2023-11-08,373220,[마감 시황] 외인 매도 공세…2420대로 밀려난 코스피
2023-11-08,373220,"'롤러코스터' 탄 에코프로 형제, 오늘은 '급락'…2차전지주 약세[핫종목]"
2023-11-08,373220,"코스피, 외인 매도에 0.9%↓…외국인 크래프톤·포스코홀딩스·에코프로비엠 ..."
2023-11-08,373220,'중국 배터리' 맹추격 중인 K-배터리
2023-11-07,373220,'유효기간' 짧은 공매도발 상승장…외국인 이탈 걱정 '솔솔'
2023-11-07,373220,"전날 22% 급등한 LG에너지솔루션, 장 초반 4% 하락[핫종목]"
2023-11-07,373220,이차전지 관련주 공매도 금지로 급등 하루만에 다시 곤두박질…에코프로 홀로...
2023-11-07,373220,"LG, 부산엑스포 버스 2030대 파리서 운영"
2023-11-07,373220,中 배터리 독주속에 K-배터리 추격 … 9월 점유율 소폭 증가
2023-11-06,373220,"""코로나19 급등장 보는 줄""…코스피 '역대 최대' 134포인트 올라[시황종합]"
2023-11-06,373220,[N-Stock] LG에너지솔루션 22.76% 껑충...전일대비 91500원 상승
2023-11-06,373220,2차전지주 초강세에…'하락 베팅' ETF 19%↓
2023-11-06,373220,'쇼트커버링' 외국인 1.2조 샀지만…'셀 코리아' 우려도 커졌다
2023-11-06,373220,공매도 금지에 이차전지주 급등…'에코프로 형제' 등 상한가 속출
2023-11-05,373220,문 닫기 전 맹폭?…하루동안 공매도 2600억원 몰린 2차전지株
2023-11-05,373220,"""라이더 부담 주나""…대동모빌리티, 오토바이 보험료 인하 추진"
2023-11-04,373220,"반도체가 살아난다…SK하이닉스, 시총 2위 탈환 시동 중"
2023-11-04,373220,"""엔솔 비켜!"" SK하이닉스, 업황 반등 기대 업고 '훨훨'[종목현미경]"
2023-11-03,373220,2차전지 다시 회복?...연일 급등세
2023-11-03,373220,FOMC 훈풍에 외국인이 돌아왔다…7만전자도 고?
2023-11-03,373220,'파월 효과' 이틀째 지속…코스피·코스닥 1%대 강세 마감[시황종합]
2023-11-03,373220,되살아난 투심…2차전지株 날았다
2023-11-03,373220,"코스피, 1%대 강세에 2,360선 회복…삼성전자 7만전자 턱걸이"
2023-11-02,373220,"코스피, 6일만에 2340선 회복…SK하이닉스, 시총 2위로"
2023-11-02,373220,"SK하이닉스, LG에너지솔루션 제치고 코스피 시총 2위 탈환[핫종목]"
2023-11-02,373220,"[특징주] SK하이닉스, LG엔솔 누르고 시총 2위 탈환"
2023-11-02,373220,"코스피, 상승폭 키우며 2%대 강세…삼성전자 7만전자 시도"
2023-11-02,373220,"현대차·LG, 맞손 잡았더니…제네시스에서 유튜브가 나오네 [biz-플러스]"
2023-11-01,373220,LG엔솔 '배터리 라이프케어' 출시…배터리 가치로 리스차 가격 평가
2023-11-01,373220,"[특징주]2차전지, 전기차 수요 둔화 우려에 ‘뚝뚝’"
2023-11-01,373220,"[마감 시황] 코스피, 기관 4642억 사들여 2300선 회복…삼전·하닉 상승"
2023-11-01,373220,"권영수 LG엔솔 부회장 ""전기차 LFP 배터리 양산, 2026년보다 당길 것"""
2023-11-01,373220,"코스피, 2,300선 안착 시도…삼성전자 1.49% 강세 움직임"
2023-10-31,373220,"[특징주]200달러 깨진 테슬라, 2차전지株 줄줄이 '약세'"
2023-10-31,373220,"""에코프로, 이러다 50만원?""…테슬라發 악재에 2차전지 추풍낙엽[핫종목]"
2023-10-31,373220,[마감 시황] 코스피·코스닥 올해 상승분 모두 반납…2270선으로 '풀썩'
2023-10-31,373220,"""공매도 때문"" vs ""내릴 게 내렸다""…2차전지 하락에 개미들 '와글와글'"
2023-10-31,373220,"코스피, 2,300선 또 하회…삼성전자 영업익 회복에도 '약보합'"
2023-10-30,373220,“LG엔솔 외 의미 있는 고객과 양극재 공급 계약”-LG화학 컨콜
2023-10-30,373220,"[마감 시황] 코스피, 기관 매수세에 상승 마감…2차전지株, 코스닥서도 '훨훨..."
2023-10-30,373220,"FOMC 앞두고 '눈치게임'…코스피, 장 초반 보합세[개장시황]"
2023-10-30,373220,"코스피, 2300선 상승 전환…삼성전자 6만7천원선 약보합"
2023-10-30,373220,외국인이 먼저 '찜'…어려운 증시에도 '살 종목 있다'
2023-10-29,373220,"LG엔솔, 현대차와 ""탄소제로 실천 체험"""
2023-10-29,373220,"“전기차로 캠핑을”…LG엔솔-현대차, ‘탄소 제로’ 체험 캠페인 진행"
2023-10-29,373220,2차전지 주가 추풍낙엽…인버스 ETF만 고공행진
2023-10-29,373220,"""전기차 내년도 어렵다""…K-배터리, 중장기 성장동력 마련 분주"
2023-10-27,373220,"'저가매수' 코스피, 하루만에 2300선 회복…엔터·2차전지주 반등[시황종합]"
2023-10-27,373220,"[마감 시황] 코스피, 기관·개인 '쌍끌이 매수'에 소폭 반등…2300대 회복"
2023-10-27,373220,"코스피, 기관·개인 동반 매수에 2,300선 회복…외국인 포스코퓨처엠·LG화학..."
2023-10-27,373220,"[오늘증시]코스피 저가 매수세 유입 반등 ""2302선 마감""...코스닥도 상승"
2023-10-27,373220,"코스피 2,700고지 넘봤는데…증시 벌써 겨울왔나"
2023-10-26,373220,겹악재 속 2차전지株 패닉셀링…회복 시점은
2023-10-26,373220,"“LG엔솔, 전기차 수요 둔화에 4분기 부진”"
2023-10-26,373220,"50만원대 얼마 안 남았네…에코프로, 하루만에 10% 급락[핫종목]"
2023-10-26,373220,"뉴욕증시 와르르 급락 메타 구글 MS ""클라우드 쇼크"""
2023-10-26,373220,"코스피, 2,320선까지 후퇴…삼성전자 1%대 밀리며 '약세'"
2023-10-25,373220,"LG엔솔, 3분기 영업익 7312억 ‘역대최대’…수주 잔고 500조(상보)"
2023-10-25,373220,"'수주잔고 500조' LG엔솔, 미드니켈·LFP로 중저가 전기차도 잡는다"
2023-10-25,373220,"LG엔솔, 3분기 영업익 '7312억원' 전년비 40.1%↑"
2023-10-25,373220,"LG엔솔 ""2026년 LFP 배터리도 생산""…프리미엄 이어 중저가 시장까지 잡는다"
2023-10-25,373220,"LG엔솔, 3분기 영업익 7312억…전년比 40.1%↑ '분기 최대'"
2023-10-24,373220,"이스트소프트, LG에너지솔루션에 AI 휴면 콘텐츠 공급…""교육 환경 대폭 개선..."
2023-10-24,373220,메가터치 “배터리3사에 부품 독점공급…2025년 매출 2배 증가”
2023-10-24,373220,"'추풍낙엽' 에코프로…154만원 황제주, 3개월 만에 반토막 신세[핫종목]"
2023-10-24,373220,"코스피, 나흘 만에 26.49p 상승 … 반대매매에도 저가매수 유입으로 반등"
2023-10-24,373220,"[데이터로 보는 증시]LG에너지솔루션·유한양행, 기관·외국인 코스피 순매수..."
2023-10-23,373220,전장 이어 배터리까지…삼성·현대차 '미래차 동맹' 가속
2023-10-23,373220,"코스피, 외인 '팔자'에 2368선…이·팔 전쟁·美 국채불안 영향[개장시황]"
2023-10-23,373220,"코스피, 수급 불안에 2,350선 후퇴…외국인 에코프로·삼성전자우·포스코홀딩..."
2023-10-23,373220,"코스피, 외인 매도에 장 초반 하락…2,360대로 후퇴"
2023-10-23,373220,[속보] 미국 국채금리 또 5% 돌파 뉴욕증시 와르르 급락 …비트코인 국제유가...
2023-10-20,373220,'직원 행복' 진심인 LG엔솔…워라밸 조성에 과감한 인센티브
2023-10-20,373220,[코스피 마감]무너진 지지선…7개월 만에 2400선 붕괴
2023-10-20,373220,[마감 시황]코스피 7개월 만에 2400선 붕괴
2023-10-20,373220,"코스피, 7개월 만에 2400선 붕괴…코스닥 1.89% 하락"
2023-10-20,373220,"코스피, 7개월 만 2,400선 붕괴…삼성전자 장초반 '약세'"
2023-10-19,373220,"LG엔솔, GM 생산 지연으로 주가 하락시 매수 기회-현대차"
2023-10-19,373220,"대내외 불안에 외국인 ""다시 팔자""…코스피 -1.9%·코스닥 -3%[시황종합]"
2023-10-19,373220,[오후시황]중동發 위기에 코스피 '흔들'…2차전지 약세
2023-10-19,373220,"코스피, 중동 긴장고조 속 1.9%↓…외국인 삼성전자·포스코인터내셔널·기아..."
2023-10-19,373220,"'검은 목요일' 국내 증시, 급락 마감…중동 불안 악화일로"
2023-10-18,373220,"GM, 두번째 전기차 전용 공장 2025년 말 가동…1년 미뤄"
2023-10-18,373220,[마감시황]코스피 강보합…삼성전자 7만원 회복
2023-10-18,373220,"외국인 이틀째 ""BUY 코리아"" 코스피 상승반전…코스닥은 '흔들'[시황종합]"
2023-10-18,373220,"코스피, 2,450선 후퇴…삼성전자 강보합 흐름"
2023-10-18,373220,"코스피, 외국인 장중 순매수 전환에 강보합 마감…외국인 삼성전자·현대차·..."
2023-10-17,373220,"""2차전지 끝판왕 떴다""…한투운용, 국내 첫 '포스코그룹주 ETF' 출시"
2023-10-17,373220,"한투운용, 국내 첫 '포스코그룹주 ETF' 야심 출격"
2023-10-17,373220,[코스피 마감]외국인 17일 만 '사자'에 2460선 회복…삼성전자 3%↑
2023-10-17,373220,"'판매 반토막' 폴스타, 이달말 신차로 반전 ""테슬라 한판 붙자"""
2023-10-17,373220,"""반갑다, 돌아온 외국인"" 코스피 2460선 회복…코스닥 1%대 상승[마감시황]"
2023-10-16,373220,LG엔솔 ‘서프’·에코프로비엠 ‘쇼크’…실적에 엇갈린 2차전지株
2023-10-16,373220,"[마감 시황] 코스피, 중동 전쟁 위기에 0.81% 하락…2430대로 내려앉아"
2023-10-16,373220,"LG엔솔, 중국 제외 글로벌 배터리 시장 1위 유지"
2023-10-16,373220,"국민연금, 네이버·기아 등 21곳 지분 1조 이상 보유"
2023-10-16,373220,"""코스피서 한달간 3조 이탈""…집나간 외인 언제쯤 돌아올까"
2023-10-15,373220,삼전·엔솔 '깜짝 실적'에 '2차전지·IT' ETF 강세[펀드와치]
2023-10-15,373220,"외국인, 15일 연속 코스피 팔았다…3년여 만에 최장"
2023-10-15,373220,[증시 풍향계] 삼성전자와 LG에너지솔루션 분기실적이 이끈 반등세 이어갈까…...
2023-10-15,373220,"[증시 전망] 코스피·코스닥지수 상승세, 주식시장 반등세 이어갈까…이스라엘..."
2023-10-15,373220,"에코프로, 배터리 재활용 생산능력 2027년 2배 확대"
2023-10-14,373220,시들해진 열풍?…2차전지 IPO ‘따따블’ 주목
2023-10-14,373220,美 IRA 뚫은 K-배터리 계좌에 연 20조 꽂힌다…AMPC의 '마법'
2023-10-14,373220,‘고평가’ 의식한 에코프로머티리얼즈…할인율은 오히려 낮췄다 [공모꾼]
2023-10-13,373220,"LG엔솔, 中 제외 배터리 시장 1위…CATL과 단 0.8%p 차이"
2023-10-13,373220,전기차 둔화에 中 과잉생산·리튬값 급락 겹쳐…K배터리 '삼중고'
2023-10-13,373220,"코스피, 2,460선 후퇴…삼성전자 3거래일 만 '약세'"
2023-10-13,373220,"에코프로, 3분기 ‘어닝쇼크’…메탈 가격 하락 ‘직격탄’(종합)"
2023-10-13,373220,"""개미가 돌아왔다""…실적 발표 앞둔 '에코프로 형제' 이틀째 강세"
2023-10-12,373220,"LG엔솔, 긍정적 시각 필요한 3Q 호실적…목표가↓-NH"
2023-10-12,373220,'분기 최대' 실적 LG엔솔 장초반 1%대 상승[핫종목]
2023-10-12,373220,"2차전지 부품社 유진테크놀로지 ""글로벌 사업 확장"" [시그널]"
2023-10-12,373220,"[주식마감기사] 자회사 신안리튬, 신안 압해도 2호 관정 시추결과에 테라사이..."
2023-10-12,373220,"코스피, 2,470선까지 회복…삼성전자 '깜짝 실적'에 또 강세"
2023-10-11,373220,"코스닥, 3%대 급등해 820선 회복…에코프로비엠 9%대↑"
2023-10-11,373220,"LG엔솔, 3분기 '깜짝 실적'…美 보조금만 2천억 넘게 터졌다"
2023-10-11,373220,"[속보] LG엔솔, 3분기 영업이익 7312억 원…전년比 40.1%↑"
2023-10-11,373220,[김진만의 마감전략.ZIP] 나는야~ 대기만성 배터리 레이저의 선두자 디이엔티
2023-10-11,373220,LG엔솔 배터리 판매량 59%↑…1·2위 中기업 추격 '속도'
2023-10-10,373220,'전통+신산업' 강자 포스코그룹株 ETF 첫 선
2023-10-10,373220,‘이·팔 전쟁’ 충격에 증시 휘청…코스닥 800선 붕괴
2023-10-10,373220,개미 패대기에 또 '7자' 본 에코프로…2차전지株 일제히 하락[핫종목]
2023-10-10,373220,"[오늘증시]중동전쟁에 코스닥 2.62% 급락...코스피도 약세 ""2402선 마감"""
2023-10-10,373220,중동정세 불안에도 코스피 1% 상승…외인 12일째 팔자
2023-10-09,373220,'2차전지 인버스 ETF'에 개인 380억 베팅
2023-10-08,373220,2차전지만 콕 집었다…6.7조 팔아치웠다
2023-10-06,373220,깐깐한 日도요타도 홀렸다…배터리 왕좌 굳히는 LG엔솔 [biz-플러스]
2023-10-06,373220,반발 매수세에 증시 상승마감…코스닥 1.92% 뛰었다[시황종합]
2023-10-06,373220,"코스피, 반발 매수세에 강보합 마감…외인 에코프로·포스코DX·기아 등 순매..."
2023-10-06,373220,"코스피, 2,410선 반등…5거래일째 삼성전자 내리막"
2023-10-06,373220,"[마감 시황] 코스피, 美고용 보고서 발표 앞두고 강보합세…2400대 후반서 마..."
2023-10-05,373220,"글로벌車 '톱10' 중 9곳에 공급…LG엔솔, 누적 수주액만 440조원"
2023-10-05,373220,"LG엔솔 북미법인, 1.3조 유상증자…""도요타 전용라인 구축에 투입"""
2023-10-05,373220,"까다로운 도요타도 접수…'글로벌 탑5' 잡은 LG엔솔, CATL 추격 속도"
2023-10-05,373220,"LG엔솔, 日 도요타에 연간 20GWh 배터리 공급…""단일 수주 최대"""
2023-10-05,373220,LG엔솔-토요타 맞손 이유는?…美 전기차 시장 공략 한마음
2023-10-04,373220,“에코프로 팔고 3종목 사라”…2차전지 선별론 부상
2023-10-04,373220,"하나증권 ""LG에너지솔루션, 권역별 공급망 경쟁우위 확보"""
2023-10-04,373220,"2대% 급락한 코스피, 7개월만에 최대 낙폭…환율 1360원 돌파[시황종합]"
2023-10-04,373220,'피같은 돈' 2차전지에 몰빵했다가…개미들 눈물 범벅
2023-10-04,373220,"코스피, 미 긴축 장기화 우려에 2,400대로 밀려…외인 삼성전자·에코프로비엠..."
2023-10-03,373220,연휴 이후 IPO 최대어 온다…에코프로머티리얼즈 몸값은 [공모꾼]
2023-10-03,373220,"[단독] 'LG엔솔에 탑캡 단독 공급' 성우, 내년 코스닥 시장 노크"
2023-10-03,373220,"뚝심투자 빛본 K배터리, 수주 1000조 시대 열다"
2023-10-01,373220,추풍낙엽 2차전지…“올해 안에 원금회복 가능할까요” [선데이 머니카페]
2023-09-30,373220,미성년 주주 보유 종목 봤더니…삼전 다음 '이것' 담았다
2023-09-30,373220,"판 커지는 美 자동차파업, 7000명 합류…대선 판 흔드나"
2023-09-29,373220,WGBI 불발 충격…10월 증시 리스크 온다
2023-09-28,373220,2차전지 추락에도 배터리 아저씨 “6종목 샀다” 왜?
2023-09-28,373220,"""2차전지 주춤해도 결국 간다""…포홀·에코프로 쓸어담는 개미"
2023-09-28,373220,"[김대호 진단] 미국 연방정부 ""셧다운"" 과 국채금리 발작"
2023-09-27,373220,"치솟는 원·달러…외국인, 코스피서 8일간 9500억 팔았다"
2023-09-27,373220,코스피 5거래일만에 반등…거래량은 줄어
2023-09-27,373220,"코스피, 추석 연휴 앞두고 관망세…환율 1355원 연고점 경신[개장시황]"
2023-09-27,373220,"코스피, 2,460대 강보합 마감…외인 삼성전자·현대차·기아 등 순매수"
2023-09-27,373220,"""원통형이냐 각형이냐"" 폼팩터 전쟁 K-배터리사들"
2023-09-26,373220,연휴 앞두고 사장단 모은 구광모…'ABC' 중장기 전략 점검
2023-09-26,373220,"LG화학, 3Q 실적 선방 전망에도 주가 급락…목표가↓-유안타"
2023-09-26,373220,"[마감 시황] 코스피, 기관·외인 매도세에 1.3% 하락…2460대로 밀려"
2023-09-26,373220,"코스피, 기관·외국인 매도세에 1.3% 하락…외인 에코프로·삼성전자·포스코..."
2023-09-26,373220,"코스피, 추석 앞두고 2,470선까지 후퇴...삼성전자 1%대 약세"
2023-09-25,373220,2차전지 무너지니 코스닥도 '와르르'…에코프로 88만원 '털썩'[핫종목]
2023-09-25,373220,"[오늘증시]코스피 2500선 무너져, 코스닥은 2% 하락"
2023-09-25,373220,[코스피 마감]4달 만에 무너진 2500선…배터리株 ‘줄하락’
2023-09-25,373220,"[마감 시황] 외인 6거래일 연속 ""팔자""…코스피, 넉 달 만에 2500 내줬다"
2023-09-25,373220,"코스피, 2,500선 하회…삼성전자 저가메리트 부각 속 강보합"
2023-09-22,373220,"다올證 ""LG엔솔, 유럽향 출하량 감소세…목표가 12.5% 하향"""
2023-09-22,373220,"삼성證, LG에너지솔루션 하반기실적 전망치 밑돌 듯···목표가 하향"
2023-09-22,373220,"[오늘증시]코스피, 미국발 악재에도 선방 ""2500선 사수""... 코스닥도 소폭 하..."
2023-09-22,373220,"[마감 시황] 코스피, 저가 매수세 유입으로 약보합 마감…2500대 '회복'"
2023-09-22,373220,[코스피 마감]美 고금리 우려에 2500선 턱걸이
2023-09-21,373220,"LG엔솔 사내벤처 '에이블', 재생에너지 발전량 예측 시험 통과"
2023-09-21,373220,"LG엔솔, 글로벌 전기차 배터리 2위…中 CATL 선두 유지"
2023-09-21,373220,LG엔솔 사내벤처 '에이블' 전력 중개사업 첫발
2023-09-21,373220,코스피 대표 10대 종목 전부 '파랗게 질려'…증시 변동성 커지나
2023-09-21,373220,"코스피, 1%대 밀리며 2,530선...삼성전자 약보합 횡보"
2023-09-20,373220,"엔라이튼, LG엔솔 AVEL과 가상발전소 사업 맞손"
2023-09-20,373220,코스피 기력 회복 언제?...에코프로비엠 에코프로 등은 날갯짓
2023-09-20,373220,"FOMC 앞두고 관망세 짙은 증시…코스피, 강보합 마감[시황종합]"
2023-09-20,373220,[코스피 마감]FOMC 긴장감에 오락가락…'강보합' 마감
2023-09-20,373220,"코스피, 내일 새벽 FOMC 금리 결과 기다리며 관망세…외인 현대차·기아·포스..."
2023-09-19,373220,"LG엔솔, 글로벌 그린본드 10억달러 발행 성공…""주문 5배 몰려"""
2023-09-19,373220,두산로보틱스가 온다…13만원으로 '균등배정' 노려볼까
2023-09-19,373220,"[오전 시황] 코스피, 개인 대량 매수세에 소폭 상승…2580대서 등락 반복"
2023-09-19,373220,"코스피, 2,560선 약보합 흐름…삼성전자 하락 전환"
2023-09-19,373220,"[속보] FOMC 예상깨고 ""금리인상"" 파월 점도표 전면수정 … 뉴욕증시 국제유가..."
2023-09-18,373220,"LG에너지솔루션, 인도네시아서 임직원 첫 ‘해외 봉사활동’"
2023-09-18,373220,"LG엔솔 임직원, 배터리 공장 짓는 인니서 첫 해외 봉사활동"
2023-09-18,373220,"메리츠證 ""LG화학, 부진한 업황 장기화…목표가 11% 하향"""
2023-09-18,373220,전기차 시장 성장세 둔화 조짐…배터리업계 숨고르기?
2023-09-18,373220,"코스피, 외인·기관 동반 매도에 1% 하락…반도체주 급락하고 외인은 SK이노베..."
2023-09-17,373220,꺾이는 배터리…ETF 하락률 상위 10개 중 6개 2차전지
2023-09-17,373220,몸값 부풀렸나…IPO대어 14곳 중 5곳 주가 반토막 [시그널]
2023-09-17,373220,"[데이터로 보는 증시]삼성전자·NAVER, 기관·외국인 주간 코스피 순매수 1위..."
2023-09-15,373220,尹순방 두 달만에 폴란드 찾은 민관사절단
2023-09-15,373220,LG엔솔 이후 없는 코스피 ‘시총 단독요건’ 상장
2023-09-15,373220,"코스피, 중국 경제지표 개선 속 상승…외인 금양·하나금융지주·LG전자 등 순..."
2023-09-15,373220,"코스피, 2,590선 안착…다시 뛰는 삼성전자 '강보합'"
2023-09-15,373220,대형주 살아나자 코스피도 간만에 활기…얼마만이냐 2600
2023-09-14,373220,"협력사 추석나기 돕는다…LG, 납품대금 1조2000억 조기지급"
2023-09-14,373220,개미도 이제 시들?…하락 베팅하는 '2차전지 인버스 ETF'로 우르르
2023-09-14,373220,"개인과 외국인, 박스권 장바구니 '확' 달라졌다"
2023-09-14,373220,"[오늘증시]코스피 코스닥 동반 상승, 반도체·2차전지주 강세"
2023-09-14,373220,"[마감 시황] 코스피, 기관 대량 '사자'에 상승 마감…2570대 회복"
2023-09-13,373220,2차전지株 추풍낙엽…인버스 ETF는 '훈풍'
2023-09-13,373220,"'황제주' 에코프로, 결국 '8자' 봤다…두달여만에 90만원도 깨져[핫종목]"
2023-09-13,373220,[코스피 마감]美 CPI 앞두고 관망세…2거래일째 2530선
2023-09-13,373220,"코스피, 미국 CPI 경계감에 약보합에 이차전지 주가 약세…외인 포스코홀딩스..."
2023-09-13,373220,"코스피, CPI 앞두고 2,530선 상승 전환...삼성전자 강보합 횡보"
2023-09-12,373220,"""아저씨, 200만원 간다면서요""…에코프로, 93만원까지 밀려[핫종목]"
2023-09-12,373220,"LG엔솔, 美 ESS 공략 ""5년 내 매출 3배로"""
2023-09-12,373220,[특징주]테슬라 훈풍에 2차전지주 강세…포스코인터 2%대↑
2023-09-12,373220,"코스피, 외국인 매도세에 이차전지 주가 약세…외인 네이버·현대오토에버·삼..."
2023-09-12,373220,"코스피, 2,540선 관망심리...삼성전자 7만선 턱걸이 약보합 횡보"
2023-09-11,373220,"에코프로, 한달반만에 '황제주' 반납…흔들리는 2차전지株[핫종목]"
2023-09-11,373220,공매도 쌓이는 2차전지주...외국인 절반 ‘하락 베팅’ [이코노 株인공]
2023-09-11,373220,"[마감시황] 코스피, 0.36% 올라 강보합세"
2023-09-11,373220,"코스피 5일만에 상승, 2550선 회복 ... 외국인·기관 오후 들어 쌍끌이 매수"
2023-09-11,373220,"흔들리는 에코프로, 불안한 2차전지…다시 살아날까?"
2023-09-10,373220,지지부진 '박스피'에 거래대금도 급감
2023-09-08,373220,"[마감 시황] 코스피, 나흘 연속 하락하며 2540대 마감…SK하이닉스 큰 폭 하락..."
2023-09-08,373220,"코스피, 장중 하락폭 대부분 만회하며 약보합…코스닥 +0.86[시황종합]"
2023-09-08,373220,"코스피, 나흘째 하락해 2530선…SK하이닉스 4%대 급락"
2023-09-08,373220,"코스피, 나흘 연속 하락해 2,540대 약보합…외인 금양·레인보우로보틱스·포..."
2023-09-08,373220,"[오늘증시]코스피 약보합 선방 ""2547선 마감""...코스닥 0.86% 상승"
2023-09-07,373220,"[단독]2차전지 끝판왕…한투운용 ETF, '배터리아저씨 8종목' 70% 담아"
2023-09-07,373220,"LG엔솔, 1~7월 中 제외한 세계 전기차 배터리 시장서 점유율 1위"
2023-09-07,373220,"""2차전지 끝물?"" 에코프로 장중 100만원 무너져[핫종목]"
2023-09-07,373220,"[오늘증시]고유가와 인플레이션 우려에 코스피 3거래일 연속 하락 ""2548선 마..."
2023-09-07,373220,[마감시황]2차전지주 '추풍낙엽'…에코프로 장중 100만원 붕괴
2023-09-06,373220,"LG엔솔, 고용부 '일자리 으뜸기업' 선정…배터리 기업 중 유일"
2023-09-06,373220,윤 대통령 자카르타 방문에 경제인 20여명 집결 ... 정의선·구광모·신동빈 ...
2023-09-06,373220,"외인, 9월 되자마자 삼전 1조 폭풍매수"
2023-09-06,373220,떠오르는 인도·인니 시장…韓 배터리 업계도 진출 속도
2023-09-06,373220,"코스피, 기관·외인 매도에 2,560대로 밀려…외인 삼성전자·금양·루닛 등 순..."
2023-09-05,373220,"'예금부자' LG엔솔, 고금리에 이자수익 쏠쏠..강달러에 외환차익까지[이코노 ..."
2023-09-05,373220,中배터리 CATL·BYD 글로벌 1·2위…LG엔솔 14.2% 점유 '3위'
2023-09-05,373220,시가총액 가장 많이 끌어올린 CEO는 포스코 최정우 ... 5년새 22.3조 늘어
2023-09-05,373220,잔액만 5.4조…2차전지 '공매도 전쟁' 재점화
2023-09-05,373220,아직 한 달이나 남았는데...내려가는 3Q 실적 눈높이
2023-09-04,373220,코스피 0.8% 올라…中 리스크 완화로 외인 매수세 몰려[시황종합]
2023-09-04,373220,"코스피, 외인 사자에 상승세…삼성전자 ‘7만전자’ 공방전"
2023-09-04,373220,"[마감 시황] 코스피, 외인 적극적 '사자'에 소폭 상승…2580대 올라서"
2023-09-04,373220,"코스피, 외인 '사자'에 0.8% ""2584선 마감""... 코스닥은 하락"
2023-09-04,373220,"코스피, 외국인 매수세에 2,580대로 상승…외인 삼성전자·포스코홀딩스·레인..."
2023-09-01,373220,"현대차-LG엔솔, 조지아주 배터리공장에 2.6조원 추가 투자"
2023-09-01,373220,"LG, ESG도 재무 데이터처럼 관리한다…""경영 의사결정에 반영"""
2023-09-01,373220,"[오늘증시]삼성전자 6% 상승에 코스피 소폭 올라 ""2563선 마감"""
2023-09-01,373220,"""LG, CNS 지분가치 상향 반영해 목표가 12만 원으로 ↑"""
2023-09-01,373220,"코스피, 美 증시 혼조에 약보합 출발…2560선 등락"
2023-08-31,373220,中 경제 지표 부진에 코스피 소폭 하락…2556선 마감[시황종합]
2023-08-31,373220,"중앙디앤엠, 중앙첨단소재로 사명 변경…“2차전지 사업 강화”"
2023-08-31,373220,"[오후 시황] 코스피, 0.3%대 하락 반전…""거래대금 부진 영향"""
2023-08-31,373220,"코스피, 2,560선 하락 전환...삼성전자 6만선서 약보합세"
2023-08-31,373220,"코스피, 개미 '나홀로 사자' 속 소폭 상승…2560선 유지[개장시황]"
2023-08-30,373220,"""포스코퓨처엠, 내년부터 가파른 실적 성장 전망…목표가 57만원"""
2023-08-30,373220,"코스피, 기관 '사자' 0.35% 상승 마감…코스닥 920선 회복[시황종합]"
2023-08-30,373220,"코스피, 장중 외국인 '매도' 전환에 상승 폭 반납…2560선"
2023-08-30,373220,美 증시 훈풍에 코스피 강세 출발…코스닥 920선 회복[개장시황]
2023-08-30,373220,[코스피 마감]美 물가지표 발표 앞두고 경계심↑…상승 폭 반납
2023-08-29,373220,"LG엔솔 '디지털 전환' 페어 첫 개최…""구성원 역량 강화"""
2023-08-29,373220,"디지털 전환(DX) 성과 한 눈에…LG엔솔, DX페어 개최"
2023-08-29,373220,"LG엔솔, 디지털전환 성과 공유회 ‘DX 페어’ 개최"
2023-08-29,373220,"코스피, 개인·기관 매수에 0.3%↑…외인 네이버·기아·SK하이닉스 등 순매수"
2023-08-29,373220,"코스피, 2,550선 안착...삼성전자 보합권 움직임"
2023-08-28,373220,"모건스탠리, LG엔솔 목표가 63만원→57만원 하향…""전기차 수요 둔화"""
2023-08-28,373220,"""엔비디아, 테마주→성장주 전환 이유는…삼성전자도 성장주"""
2023-08-28,373220,"[오늘증시]코스피, 기관 '사자'에 상승 ""2543선 마감""...코스닥 910선에 '바짝..."
2023-08-28,373220,"[마감 시황] 코스피, 2540선 회복…""美잭슨홀·中증시부양책에 투심 살아나"""
2023-08-28,373220,"'2차전지 재탄생' 포스코퓨처엠 ""2030년 매출 43조원 달성"""
2023-08-27,373220,하반기 채용시즌 열린다…삼성·SK 등 내달부터 신입 모집
2023-08-27,373220,취준생 '희소식' 대기업 채용문 '활짝'…누가 얼마나 뽑을까
2023-08-27,373220,[시그널] 'IPO 강자' KB증권 복귀전…보안업체 '한싹' 내달 상장
2023-08-27,373220,"[데이터로 보는 증시]포스코퓨처엠· 삼성전자, 기관·외국인 주간 코스피 순..."
2023-08-25,373220,"美 LG엔솔-GM 배터리 합작사, '임금 25%↑' 잠정 합의"
2023-08-25,373220,"코스피, 잭슨홀 회의 경계감에 2,510대로 하락…외인 LG에너지솔루션·엘앤에..."
2023-08-25,373220,"[데이터로 보는 증시] 포스코퓨처엠·LG에너지솔루션, 기관·외국인 코스피 순..."
2023-08-25,373220,"코스피, 2,510선 공방전...삼성전자 약세에 상승분 반납"
2023-08-25,373220,[코스피 마감]오늘밤 파월의 선택은…잭슨홀 경계감에 하락 마감
2023-08-24,373220,"KB운용, 내달 2차전지 정방향·역방향 ETF 동시 출시"
2023-08-24,373220,美 증시 훈풍에 코스피 장초반 2530선 회복…코스닥 1%대 강세[개장시황]
2023-08-24,373220,[코스피 마감]엔비디아 효과에 반도체주 강세…2530선 회복
2023-08-24,373220,"""땡큐 엔비디아""…코스닥 열흘만에 900선 탈환, 코스피 1%대 상승[시황종합]"
2023-08-24,373220,"코스피, 2,520선 오름세...삼성전자 2%대 임박 '강세'"
2023-08-23,373220,"르노코리아 국내 전기차 공장, 배터리 수급은 해외로?"
2023-08-23,373220,"""시총 10배 늘었다"" 코스닥 6위→1위…에코프로, 공매도마저 이겨냈다"
2023-08-23,373220,"코스피, 외인·기관 쌍끌이 매도 속 하락…2510선 유지[개장시황]"
2023-08-23,373220,“오늘 韓 증시 하락 출발”…엔비디아·파월 주목
2023-08-23,373220,[마감 시황] 2500선 가까스로 지킨 코스피…2차전지주 '하락'
2023-08-22,373220,"에코프로, 테슬라發 훈풍에 '아우' 제치고 시총 1위 탈환"
2023-08-22,373220,경기침체에 창고만 살찐다…대기업 재고 1년만에 10% ↑
2023-08-22,373220,테슬라 훈풍에 2차전지주 온기…에코프로 120만원대 회복
2023-08-22,373220,"[오늘증시]코스피, 개미들 '사자'에 소폭 상승 2515선 마감...코스닥도 동반 ..."
2023-08-22,373220,"코스피, 중국 경기 우려에 상승폭 제한…외인 에코프로·LG에너지솔루션·한화..."
2023-08-21,373220,[단독] '2차전지 하락 베팅' 내달 첫 인버스 ETF 나온다
2023-08-21,373220,'돌아온 기관' 코스피 7거래일만 상승…코스닥 1%대 강세[시황종합]
2023-08-21,373220,"코스피, 중국 LPR 인하에 상승폭 확대…'2520선' 근접"
2023-08-21,373220,"코스피, 기관 매수에 반등…中 5년만기 LPR 동결에 상승폭 제한…외인 에코프..."
2023-08-21,373220,"코스피, 2,510선 안착...삼성전자 '강보합' 움직임"
2023-08-20,373220,"‘EU 집중공략’ LG엔솔, EU-ETS 부채 첫 인식…커지는 탄소청구서"
2023-08-20,373220,"""10분 충전에 400㎞ 주행"" 中 CATL 신기술 공습에 韓 배터리 '긴장'"
2023-08-20,373220,"[데이터로 보는 증시]호텔신라· POSCO홀딩스, 기관·외국인 주간 코스피 순매..."
2023-08-18,373220,"권영수 LG엔솔 부회장, 中 CATL 견제…“우리도 준비 중”"
2023-08-18,373220,"中CATL, R&D 1조 투자 K배터리에 新제품 공개 맞불 [biz-플러스]"
2023-08-18,373220,"코스피, 미국 금리상승 부담과 기관매도에 2,500선 턱걸이…외인 셀트리온헬스..."
2023-08-18,373220,차익 실현에 종목 ‘악재’까지…2차전지 ‘광풍’ 잦아드나
2023-08-18,373220,"코스피, 2,490선 안간힘...삼성전자 약보합권 등락"
2023-08-17,373220,"한국투자증권, 코스피200·삼성전자 기초...ELW 신규 상장"
2023-08-17,373220,"[단독]LG엔솔, 中 ‘장시 VL 배터리’ 합작사 사업 철수"
2023-08-17,373220,거침없는 K배터리…상반기 R&D 1조 훌쩍
2023-08-17,373220,에코프로 장중 110만원선 돌파…나흘만에 8%대 강세[핫종목]
2023-08-17,373220,"미중 악재 시달리던 코스피, 낙폭 줄여 2,500대…외인 에코프로·포스코홀딩스..."
2023-08-16,373220,"검찰, LG에너지솔루션 국가핵심기술 유출 前 임원급 기소"
2023-08-16,373220,"""실적 강한 '기관 빈집' 찾아라…자동차·운송·기계"""
2023-08-16,373220,中 부동산 디폴트 리스크에…코스피 1.8%·코스닥 2.6% 하락[시황종합]
2023-08-16,373220,"삼성SDI, 국내 최초 LFP 배터리 라인 울산에 세운다"
2023-08-16,373220,"디에이테크놀로지, 올해 상반기 사상 최대 매출액 경신"
2023-08-15,373220,모셔온 인재도 '원팀'으로 녹여내는 '人和정신'
2023-08-15,373220,500대 기업 영업익 2분기도 선방…자동차·부품 및 조선 '방긋'
2023-08-15,373220,"500대 기업 영업이익, 올해 상반기 회복세"
2023-08-15,373220,"대기업 영업익, 작년 4분기 바닥 찍고 회복세"
2023-08-15,373220,국내 500대 기업 중 삼성전자 영업익 감소폭 가장 커
2023-08-14,373220,"권영수 LG엔솔 부회장, 상반기 보수 35억2700만원"
2023-08-14,373220,큰손 '연기금' 삼전·포스코 팔고 담은 종목은
2023-08-14,373220,상반기 주요 그룹 총수 보수 1위는?
2023-08-14,373220,[오후 시황] 외국인·기관 매도에…코스피·코스닥 동반 약세
2023-08-14,373220,코스피 4거래일 연속 하락… 코스닥 1.15%↓
2023-08-13,373220,"[데이터로 보는 증시]호텔신라·삼성전자, 기관·외국인 주간 코스피 순매수 ..."
2023-08-12,373220,[한證막] 中 단체관광 등 이벤트 풍부했던 韓 주식시장
2023-08-12,373220,"뉴욕증시 비트코인 휘청 미국 PPI 물가 ""예상밖 폭발"" 연준 FOMC 금리인상"
2023-08-11,373220,[코스피 마감]CPI 안도에도 2600선 또 깨져…외인·기관 '팔자'
2023-08-11,373220,"[마감 시황] 코스피, 외국인·기관 매도에 2590선으로 '털썩'"
2023-08-11,373220,"코스피, 장초반 0.38% 오른 2611선…美 물가지표에 안도[개장시황]"
2023-08-11,373220,코스피 0.4% 하락…2600선 밑으로
2023-08-11,373220,"코스피, 미국 인플레 둔화에도 소폭 하락…외인 기아·현대모비스·SKC 등 순..."
2023-08-10,373220,"LG, 전년比 영업익 감소..""디스플레이·석화사업 부진"""
2023-08-10,373220,코스피 美 CPI 앞두고 하락…'中 관광재개' 관련주 웃었다[시황종합]
2023-08-10,373220,"[마감 시황] 코스피, 美 물가지표 경계감에 2600선 '턱걸이'"
2023-08-10,373220,"코스피, 미 물가지표 경계·외국인 매도에 2,600대 약보합 마감…외인 호텔신..."
2023-08-10,373220,코스피 약보합…2600선 턱걸이
2023-08-09,373220,"코스피, 1%대 상승해 2600선 회복…2차전지株 강세"
2023-08-09,373220,코스피 신용융자 연일 최고치 경신
2023-08-09,373220,초전도체 빠지고 2차전지 오르고…에코프로 6%대 상승[핫종목]
2023-08-09,373220,"[속보] 비트코인 이더리움 리플 암호화폐 돌연 ""폭발"" 무디스 덕분에… 뉴욕증..."
2023-08-09,373220,코스피 외국인 순매수에 1.2%↑…2600선 회복
2023-08-08,373220,"LG엔솔, 中 화유코발트와 첫 배터리재활용 JV 설립"
2023-08-08,373220,"[특징주]LG엔솔, 中 배터리 재활용 합작법인 설립에 '강세'"
2023-08-08,373220,"[IR]롯데케미칼 ""양극박 고객, 삼성SDI 위주서 LG엔솔·SK온으로 확대"""
2023-08-08,373220,석화 부진에 롯데케미칼 5분기 연속 적자…신사업으로 반등 기대(종합)
2023-08-08,373220,"코스피, 기관·외인 '팔자'에 닷새째 약세…외인 포스코인터내셔널·에코프로..."
2023-08-07,373220,"단 1.5%P차…中 CATL, LG엔솔 '턱밑 추격'"
2023-08-07,373220,다시 불붙은 초전도체주…수급쏠림 완화에 이차전지는 와르르
2023-08-07,373220,코스피 4거래일 연속 하락…2600선 아래로
2023-08-07,373220,시급부터 稅혜택까지 트집잡는 UAW…후속투자 제동 걸리나
2023-08-07,373220,에코프로 '황제주' 겨우 턱걸이…2차전지株 열기 식었나(종합)
2023-08-06,373220,"IRA 보조금 나눠달라는 美 완성차기업…배터리업계 ""그게 무슨"""
2023-08-05,373220,‘배터리아저씨’ 주식 계좌 공개…에코프로 수익률은
2023-08-05,373220,"배터리아저씨 ""에코프로에 몰빵하는 얍삽한 생각 버려야"""
2023-08-05,373220,불개미 vs 공매도…2차전지 뜨거운 고지전[최훈길의뒷담화]
2023-08-05,373220,"뉴욕증시 비트코인 폭발 ""고용보고서 골디락스"""
2023-08-04,373220,"권영수 LG엔솔 부회장, 인니 정부 만나 배터리 사업 논의"
2023-08-04,373220,K-배터리 3사 호실적에도 ‘영업이익률 10% 벽’ 못 넘었다 [이코노 리포트]
2023-08-04,373220,"[오늘증시]코스피, 관망세에 보합권 ""2602선 마감""... 코스닥도 1.89p 하락"
2023-08-04,373220,"[속보] 미국 고용보고서 발표 ""예상밖 18만"""
2023-08-04,373220,관망세 짙어진 시장…보합권 등락[코스피 마감]
2023-08-03,373220,'사상 최대' 증시 하락 베팅…대차·공매도 잔고 폭증
2023-08-03,373220,"중앙디앤엠-이디엘, 새만금 신축공장 착공식 개최"
2023-08-03,373220,'세자릿수 성장' BYD 상반기 글로벌 2위…LG엔솔 3위로 밀려
2023-08-03,373220,[단독] '2차전지 검사장비 기대주' 인스케이프 IPO 추진
2023-08-03,373220,코스피 2600선 하락 마감…코스닥은 1.2%↑
2023-08-02,373220,이차전지株 일제히 하락…'상온 초전도체' 테마 뜬다(종합)
2023-08-02,373220,"[오늘증시]코스피 2%·코스닥 3% 급락, 美신용등급 강등에 휘청"
2023-08-02,373220,美 신용등급 강등에 투심 위축…낙폭 3월 SVB 이후 최대 [코스피 마감]
2023-08-02,373220,"[오후 시황] 코스피, 외인·기관 '팔자'에 1.58% 하락…2620대도 위태"
2023-08-02,373220,코스피 1.9%↓·코스닥 3.2%↓…美 신용등급 하향 여파
2023-08-01,373220,국내증시 7월 공매도 거래대금 23조…사상 최대치 찍었다
2023-08-01,373220,7월 공매도 23조 '사상 최대'
2023-08-01,373220,"대기업 상장사, 올해 시총 350조 증가…""포스코·에코프로 달렸다"""
2023-08-01,373220,8월 첫 거래일 2660선 돌파…연중 최고치[코스피 마감]
2023-08-01,373220,코스피 외국인·기관 순매수에 2660선 돌파…연중 최고점 기록
2023-07-31,373220,"LG엔솔, 재생에너지 전환율 56% 달성…""물장군 살리기 사업도 병행"""
2023-07-31,373220,[배정철 이야기] LG에너지솔루션·에쓰오일·한화 외
2023-07-31,373220,'한여름밤 꿈' 경고에도…2차전지 담는 개미
2023-07-31,373220,[오늘증시]2차전지주 강세에 코스피·코스닥 동반 상승... 에코프로·포스코그...
2023-07-31,373220,급락 하루만에 '줍줍' 타고 급등…리스크 키우는 2차전지
2023-07-29,373220,활기 도는 회사채 시장…2차전지에 ‘뭉칫돈’
2023-07-29,373220,"[김박사 진단] PCE 물가 ""골디락스"" 연준 FOMC 금리인상 동결 파월의 선택은?"
2023-07-29,373220,"KB증권, 7월 셋째주 포스코퓨처엠 등 26종목 매수 추천"
2023-07-29,373220,"미래에셋증권, 7월 셋째주 신한지주 등 21종목 매수 추천"
2023-07-28,373220,K-배터리 질주…LG엔솔 '성장' 삼성SDI '수익성' SK온 '반등'
2023-07-28,373220,"[마감 시황] 코스피, 이차전지 반등으로 지수 끌어올려…2600선 회복"
2023-07-28,373220,"코스피, 외국인·기관 매도에 2590선 횡보…포스코인터 13%↑"
2023-07-28,373220,"코스피, 이차전지주 강세에 2,600선 회복…외인 SK하이닉스·에코프로비엠·에..."
2023-07-28,373220,코스피·코스닥 동반 상승…코스닥 910선 회복
2023-07-27,373220,"에코프로, 100만원선 아슬…포스코株도 급락[특징주]"
2023-07-27,373220,"LG엔솔, 2분기 영업익 6116억→4606억 감소…""GM 리콜 재료비 반영"""
2023-07-27,373220,"LG엔솔 2Q 영업익 4606억, 136%↑…북미 시장 성장 지속(종합)"
2023-07-27,373220,"LG엔솔, 6분기 연속 매출 상승…""매출 30% 늘릴 것"""
2023-07-27,373220,"LG에너지솔루션, 2분기 영업익 4606억…전년비 135.5%↑"
2023-07-26,373220,"500대기업 직원 상반기 1만명 늘었다…""삼성전자 2275명↑"""
2023-07-26,373220,시총 78.5조 에코프로그룹 '요동'에…포스코·LS까지 '출렁'
2023-07-26,373220,"[오늘증시]이차전지株 요동에 코스닥 4%대 급락, 코스피도 동반 하락 ""2592선..."
2023-07-26,373220,"삼기이브이, 북미법인 6천만달러 확보…""배터리부품 양산 속도"""
2023-07-26,373220,"한화투자증권, 델타랩 누적 5000억 돌파...간편 대표 서비스"
2023-07-25,373220,"LG엔솔, 캐나다에서 코발트 추가 확보…기존 물량의 3배"
2023-07-25,373220,코스피로 확산한 2차전지 열풍…개인 7일째 '사자'[코스피 마감]
2023-07-25,373220,"[오후 시황] 코스피, 기관·외인 '팔자'에 2630선 내줘"
2023-07-25,373220,"코스피, 개인 순매수에 0.3% 상승"
2023-07-25,373220,"코스피, 2,630대 보합권…외인·기관 매도에 상승폭 제한"
2023-07-24,373220,북미·유럽 공장 늘리는 삼성SDI…GM·스텔란티스 外 신규고객 임박
2023-07-24,373220,상반기 IPO 대어 ‘실종’…주식 발행 85% 줄었다
2023-07-24,373220,"코스피, 이차전지주 강세에 0.7% 상승…외인 삼성전자·에코프로·LG에너지솔..."
2023-07-24,373220,"포스코퓨처엠, 분기 최대 매출 ‘1조1930억원’ 달성"
2023-07-24,373220,"[오늘증시]POSCO홀딩스 급등에 코스피 상승 전환 ""2628선 마감"""
2023-07-23,373220,"""출범 1년만에 조 단위 수주 추진""…美 ESS시장 강자로 떠오른 LG엔솔"
2023-07-23,373220,美 ‘마지막 금리인상’ 전망…반도체·2차전지 실적 주목[주간증시전망]
2023-07-23,373220,"미래 인재 모으는 '구광모의 LG'…""함께 A·B·C 성장 이끈다"""
2023-07-23,373220,'2차전지 올인' 개미 VS '반도체 러브콜' 외국인…누가 웃을까
2023-07-23,373220,"[증시 풍향계] 코스피 숨고르기 속 코스닥 강세, 연준·실적 관건...지난주 코..."
2023-07-22,373220,이복현은 왜 증권사 10곳 긴급 소집했나[최훈길의뒷담화]
2023-07-22,373220,"뉴욕증시 비트코인 흔들 연준 FOMC 끝내 ""금리인상"" … 블랙록 ETF+ 테슬라 마..."
2023-07-21,373220,"LG엔솔 임직원 80여명, 수해 복구 작업 지원 나서"
2023-07-21,373220,테슬라 급락에도 2차전지주는 '활짝'…에코프로비엠 5%↑
2023-07-21,373220,[배정철 이야기] LG화학·LIG·에쓰오일 외
2023-07-21,373220,"[오늘증시]코스닥, 최고치 또 경신 ""934선 마감""... 코스닥도 상승 전환"
2023-07-21,373220,"[데이터로 보는 증시]유한양행·LG엔솔, 기관·외국인 코스피 순매수 1위(7월..."
2023-07-20,373220,'테슬라發 악재'에 2차전지주 '휘청'…포스코퓨처엠 3% 대 하락(종합)
2023-07-20,373220,“너무 올랐나”…잘나가던 2차전지株 ‘미끌’ 이유는
2023-07-20,373220,"코스닥, 8일연속 랠리 930선 돌파 ""연중 최고치 또 경신"""
2023-07-20,373220,테슬라 이익률 악화에 잘 나가던 2차전지주 동반약세[특징주]
2023-07-20,373220,코스피 0.3% 하락…코스닥 8거래일 연속 상승
2023-07-19,373220,"미래에셋증권, 에코프로비엠·LG엔솔 등 신규 ELW 318종목 상장"
2023-07-19,373220,LG AI '엑사원'의 신기원..친환경 배터리소재 구현에 단 '5분'
2023-07-19,373220,"[오전 시황] 美훈풍에도 외인·기관 매도에…코스피, 2610대서 강보합세"
2023-07-19,373220,코스피 강보합 마감…코스닥은 920선 넘어
2023-07-19,373220,‘수익률 1000%’ 에코프로 황제주 대관식…2차전지 ‘나홀로 질주’
2023-07-18,373220,"""차세대 배터리 R&D 생태계 구축""…LG엔솔, 산학협력 컨퍼런스"
2023-07-18,373220,"LG엔솔, 대규모 산학협력 컨퍼런스 개최"
2023-07-18,373220,"LG엔솔, 산학협력 컨퍼런스 개최…“배터리 기술·인재 확보 초점”"
2023-07-18,373220,이방수 LG엔솔 사장 “배터리 사업 키운 건 오너家의 뚝심 경영”
2023-07-18,373220,美 훈풍에 코스피 상승 출발…코스닥 3개월 만에 900선 돌파[개장시황]
2023-07-17,373220,"LG엔솔, 배터리 진단 시간 20분으로 줄인다…민테크와 공동개발"
2023-07-17,373220,"코스피 5거래일만에 하락 ""2619선 마감""....코스닥은 소폭 상승"
2023-07-17,373220,"상승세 꺾인 코스피, 약보합권서 등락…2615선"
2023-07-17,373220,[오전 시황] 美에 촉각세운 코스피…5거래일만에 하락세
2023-07-17,373220,코스피 외국인·기관 매도에 0.35%↓…2620선 아래로
2023-07-16,373220,"[데이터로 보는 증시]삼성전자, 기관·외국인 주간 코스피 순매수 1위(7월 10..."
2023-07-15,373220,"뉴욕증시 비트코인 ""2차 폭발"" 어닝 실적발표 … SEC 리플 소송 판결 가상암호..."
2023-07-14,373220,차가 잘 팔려야 우리도 웃는다…완성차 실적에 달린 배터리사들
2023-07-14,373220,"韓·폴란드, 배터리 산업 협력 강화…공급망 대응·인력 양성 힘 모은다"
2023-07-14,373220,"코스피, 외국인·기관 쌍끌이 매수에 1%대 ↑…2620선"
2023-07-14,373220,코스피 1.43% 급등…2620선 마감
2023-07-14,373220,"[개장 상황] 코스피, 2600선 돌파...기관·개인 '사자'에 나흘째 상승"
2023-07-13,373220,상반기 시총 상승 1위는 삼성전자…6개월새 100조↑
2023-07-13,373220,"최근 10년간 증시 시가총액 산업 비중, 제약·엔터 늘고 자동차 감소"
2023-07-13,373220,차세대 이차전지 민관 협의체 출범
2023-07-13,373220,"코스피, 미국발 훈풍 & 외인·기관 쌍끌이 매수로 2600선에 성큼...코스닥도 ..."
2023-07-13,373220,"구광모 회장, 윤석열 대통령 폴란드 방문 경제사절단 동행...전기차 배터리 분..."
2023-07-12,373220,"LG에너지솔루션, 교환사채 물량 출회 우려에 2.9%↓(종합)"
2023-07-12,373220,"LG화학, 지분 매각 대신 20억달러 외화 교환사채 발행"
2023-07-12,373220,[N2 증시 풍향계] 'LG화학 EB 발행' LG에너지솔루션 하락·'호실적 전망' 효성...
2023-07-12,373220,"코스피, 외인·기관 '사자'에 이틀연속 상승…2570선 안착[시황종합]"
2023-07-12,373220,"조주완 LG전자 사장, 대전환 선포…“2030년 매출 100조 기업 될 것”"
2023-07-11,373220,"LG화학, 지분 매각 대신 해외 EB로 2.6조 조달[시그널]"
2023-07-11,373220,"LG화학, 2.6兆 외화 교환사채 발행…LG엔솔 지분 활용"
2023-07-11,373220,"코스피, 개미 매수세에 상승…삼성전자 '7만전자' 복귀[개장시황]"
2023-07-11,373220,코스피 6거래일만에 1.6% 상승
2023-07-11,373220,"완성차업계, 배터리 내재화 전략…K-배터리엔 위협"
2023-07-10,373220,"'삼성전자, 바닥 봤다'…2Q 실적시즌 괜찮을까"
2023-07-10,373220,"LG에너지솔루션, ""단기 실적 부진…중장기 성장성 유효"""
2023-07-10,373220,배터리社 인재 유치전 뜨겁다…스탠퍼드·버클리도 '관심'
2023-07-10,373220,"[오후 시황] 코스피, 개인 '사자'에 2530대 유지"
2023-07-10,373220,코스피 0.24% 하락…2520선 마감
2023-07-09,373220,'2분기 기업 실적' 시즌 개막…1분기보다 낫다?
2023-07-09,373220,[다음주 증시전망] 美 CPI 발표·2분기 어닝시즌 개막…박스권 장세 이어질듯
2023-07-09,373220,‘수요 둔화 속 탄탄한 성장세’ 배터리 3사…하반기도 ‘기대’
2023-07-09,373220,"[데이터로 보는 증시]NAVER·삼성전자, 기관·외국인 주간 코스피 순매수 1위..."
2023-07-08,373220,배터리 아저씨는 왜 증권사 리포트를 안 믿었나[최훈길의뒷담화]
2023-07-08,373220,"뉴욕증시 비트코인 흔들 고용보고서 임금상승률 예상밖 ""폭발'"" …연준 FOMC ..."
2023-07-08,373220,"[기업뉴스 브리핑] LS일렉트릭-볼보건설기계, 태양광 연계 에너지 통합관리솔..."
2023-07-07,373220,"'IRA 수혜' LG엔솔 2분기도 호실적…영업익 6116억, 213%↑(종합)"
2023-07-07,373220,"LG엔솔, 칠레 업체와 세계 최대 리튬 구매 계약…7년간 10만톤"
2023-07-07,373220,"LG엔솔, 칠레 SQM과 리튬 구매계약…7년간 10만톤 공급"
2023-07-07,373220,"LG에너지솔루션, 칠레 SQM 리튬 10만톤 확보"
2023-07-07,373220,코스피 4거래일 연속 하락…삼성전자 7만원선 깨져
2023-07-06,373220,"LG엔솔, 加와 보조금 합의…지원 규모 14.7조 달할 듯"
2023-07-06,373220,"현대모비스 인니 베터리셀 공장 '성공적'…英 기관 ""올해의 딜"""
2023-07-06,373220,"LG엔솔, 2Q 실적 부진 우려에도 걱정 없다-대신"
2023-07-06,373220,"LG엔솔·스텔란티스, 캐나다와 보조금 합의…캐나다 배터리 공장 건설 재개"
2023-07-06,373220,"현대모비스 인니 배터리 셀 공장 ""아시아 전기차 전환에 중요"""
2023-07-05,373220,"LG엔솔, 2Q 영업이익 컨센서스 하향 전망…목표가 74만원-삼성"
2023-07-05,373220,세계 전기차 배터리 사용량 올 1월~5월까지 52%↑…K배터리 점유율↓
2023-07-05,373220,"한한령에 대기업도 못 버텼다…""현대차 中법인 매출 6년 새 75%↓"""
2023-07-05,373220,"""LG·SK·삼성 경영권 승계 원칙 잘 지켰다"" ... 대기업 절반만 제대로 마련"
2023-07-05,373220,"""적자 나도 포기말라""…선대회장부터 키운 배터리 '글로벌 강자'로"
2023-07-04,373220,"LG엔솔, 단기 부진에도 변함없는 경쟁력…업종 ‘탑픽’-한투"
2023-07-04,373220,[시그널] 우량채 흥행 열기…SK E&S 2500억 모집에 1조 몰려
2023-07-04,373220,90만원 뚫고 '황제주' 넘보는 에코프로…공매도 '지옥문' 열리나
2023-07-04,373220,코스피 외국인·기관 매도에 약세…2590선 마감
2023-07-04,373220,"코스피, 2,600선에서 등락 반복…삼성전자 실적 앞두고 '강보합세'"
2023-07-03,373220,"엘앤에프, 최대 고객사는 LG엔솔과 테슬라-메리츠"
2023-07-03,373220,"""LG에너지솔루션, 실적·주가 모두 쉬어가는 2분기…목표가 ↓"""
2023-07-03,373220,"K-배터리 3사, 2030년 분리막 수요 '13조원' 넘는다"
2023-07-03,373220,"인팩, 북미법인 대규모 투자…SK온·LG엔솔 협업 기대감↑-리서치알음"
2023-07-03,373220,'90만원'도 뚫어버린 에코프로…'광란의 질주' 다시 시동거나
2023-07-02,373220,"[스타즈IR] LG엔솔, IRA 최대 수혜주…올 영업익 3조 돌파 기대"
2023-07-02,373220,[단독] 경기부진에 현금확보 나선 5대 그룹…1년 내 갚아야할 부채 55조 늘어...
2023-07-02,373220,"삼성SDI, 북미 배터리 합작공장 확대 추진…""IRA 수혜 극대화"""
2023-07-01,373220,"""슈퍼차저 가치만 130조""…충전소가 LG엔솔 맞먹는다고? [김기혁의 테슬라롱숏..."
2023-06-30,373220,[코스피 마감]2560선 회복…삼전 ↓ 현대차↑
2023-06-30,373220,"코스피, 기관 '사자' 나흘만에 반등…2560선 마감[시황종합]"
2023-06-30,373220,"[오후 시황] 코스피, 기관 '사자'에 반등…2560대 회복"
2023-06-30,373220,"코스피, 2,550선 보합권…삼성전자·SK하이닉스 '약보합세'"
2023-06-30,373220,"[오늘증시]코스피 나흘만에 반등 2564선 마감, 기관 홀로 2031억원 순매수"
2023-06-29,373220,"NH證 ""LG엔솔, 2분기 실적 잠시 쉬어간다…목표가 4% 하향"""
2023-06-29,373220,[특징주]美 전기차업체 훈풍에…2차전지주 강세
2023-06-29,373220,"최윤호 ""삼성SDI 전고체배터리, 하반기 시제품 생산"""
2023-06-29,373220,"[오늘증시]상승세 타던 코스피, 파월 발언에 또 장중 하락전환 ""2550선 마감"""
2023-06-29,373220,"코스피, 2,570선 안착…美 반도체 훈풍, 삼성전자 52주 신고가"
2023-06-28,373220,"LG엔솔, 회사채 1조 발행 결정…'실적 기대'에 목표치 2배 조달"
2023-06-28,373220,"LG, 실리콘밸리서 스타트업 생태계 확대 나섰다"
2023-06-28,373220,네카오에 또 물린 개미…이달 순매수 톱10 수익률 '-5%'
2023-06-28,373220,"KB證, 조건 충족 시 최고 연 13.0%(세전) 추구 ELS 등 10종 공모"
2023-06-28,373220,[오늘증시]외국인 '팔자'에 코스피 · 코스닥 동반 하락
2023-06-27,373220,"대명에너지, LG에너지솔루션 AVEL과 업무 공동추진 MOU 체결"
2023-06-27,373220,코스피·코스닥 장 초반 '주춤'…美 증시 약세 영향[개장시황]
2023-06-27,373220,"[마감 시황] 코스피, 외인 '팔자' 속 약보합…2580선 턱걸이"
2023-06-27,373220,"코스피, 관망심리 2,570선…삼성전자 신고가 앞두고 '약보합세'"
2023-06-27,373220,"코스피, 외국인 '팔자' 속 2,580대 약보합…외인 삼성전자·현대차·현대모비..."
2023-06-26,373220,"""하반기도 2차전지가 주도주…소재기업 주목"""
2023-06-26,373220,"구광모號 5년…LG, A·B·C사업 '세계 1위' 앞당긴다"
2023-06-26,373220,러 반란에도 증시 상승마감…외인·기관 쌍끌이 매수[시황종합]
2023-06-26,373220,"[마감 시황] 코스피, 기관 대량 매수세에 2580대 턱걸이…코스닥도 ↑"
2023-06-26,373220,코스피 외인·기관 '사자'에 0.5% 상승
2023-06-25,373220,"""전장·배터리 세계 일류로"" 과감한 개편…LG 시총 3배 키웠다"
2023-06-25,373220,"반도체·2차전지 웃고 유통 울고…CJ그룹, 유증·실적 우려에 시총 4조 증발"
2023-06-23,373220,긴축 우려 재점화에 코스피 '흔들'…외인·기관 '팔자'[시황종합]
2023-06-23,373220,"[특징주]코스모신소재, LG화학과 손잡자 4% 강세"
2023-06-23,373220,"[오전 시황] 외국인 '사자' 전환에…코스피, 2600선 바짝"
2023-06-23,373220,코스피 외인·기관 '팔자'에 0.9% 하락
2023-06-23,373220,"[오늘증시]코스피, 긴축 우려 커지며 외국인과 기관 '팔자'에 하락 ""2570선 마..."
2023-06-22,373220,[시그널]LG엔솔 첫 회사채 '대흥행' …사상최대 4.7조원 몰려
2023-06-22,373220,"투자할 곳 많은데 주력사업 부진…LG화학, 지갑서 'LG엔솔 주식' 꺼냈다"
2023-06-22,373220,"[마켓인]LG엔솔, 회사채 수요예측서 4.7조 끌어 모아…역사상 최대 금액"
2023-06-22,373220,"[오늘증시]코스피, 반발매수세로 4거래일 만에 상승 ""2593선 마감""...코스닥도..."
2023-06-22,373220,"코스피, 기관 매수세 유입에 상승 전환…외인 삼성전자·LG에너지솔루션·에스..."
2023-06-21,373220,"LG엔솔, 쏠쏠한 AMPC 효과…구조적 성장 기대-IBK"
2023-06-21,373220,IRA 호재 정조준한 LG엔솔…5천억 회사채로 설비투자 재원마련
2023-06-21,373220,코스피 3거래일 연속 하락…2600선 무너져
2023-06-21,373220,"LG화학 “LG엔솔 지분 매각, 구체적 결정된 바 없어”"
2023-06-21,373220,"코스피, 외인 '팔자'에 다시 2600 아래로…연준 '매파'우려 여전[개장시황]"
2023-06-20,373220,"LG엔솔, 글로벌 스타트업 키운다…10곳 선정해 기술 지원"
2023-06-20,373220,"LG엔솔, 글로벌 스타트업 10곳과 사업협력…지분투자도 검토"
2023-06-20,373220,"LG에너지솔루션, 글로벌 스타트업들과 협력 확대"
2023-06-20,373220,코스피 0.18% 하락…2600선 턱걸이
2023-06-20,373220,"""국내 태양광·ESS 산업 투자""…한화자산운용, ETF 상장"
2023-06-19,373220,"LG엔솔, 출범 후 첫 회사채 발행"
2023-06-19,373220,"LG엔솔, 출범 후 첫 회사채 발행…5000억 규모"
2023-06-19,373220,"포스코퓨처엠, LG엔솔 등 고객사에 장기 수주 계약 체결"
2023-06-19,373220,"[내 종목을 부탁해] 복잡한 계좌 해결 방법은? <카카오>, <대한항공>, <에이테..."
2023-06-19,373220,전기차 대세면 충전기도 대세…SK·현대차·LG·롯데 다 뛰어들었다
2023-06-17,373220,“주 4일에 초봉 5300만원 주는 삼성전자 가고 싶어요”
2023-06-16,373220,"'반도체·2차전지·AI'…미래운용, ‘아시아하드웨어테크펀드’ 출시"
2023-06-16,373220,"[마감 시황] 코스피, 2620대로 상승 마감…외국인이 끌어올렸다"
2023-06-16,373220,"코스피, 외국인 '사자'에 상승 2625선 마감…항공주 대거 강세[시황종합]"
2023-06-16,373220,코스피 외국인 순매수에 0.66% 상승…코스닥 1.1%↑
2023-06-16,373220,"코스피, 2,610선 오름세 유지…삼성전자 소폭 뒷걸음"
2023-06-15,373220,"SK이노, SK온 4분기 흑자전환…배터리 자회사들 기업가치 리레이팅 기대"
2023-06-15,373220,"전날 급락했던 에코프로 등 2차전지株, 장 초반 강세[특징주]"
2023-06-15,373220,"""유럽, 독자기술로 직접 배터리 만들때…亞 의존도 낮출 것"""
2023-06-15,373220,"코스피, 외국인·기관 매도에 하락 ""2608선 마감""... 코스닥은 2차전지주 강세..."
2023-06-15,373220,"코스피, 中 경기회복 둔화에 2600대 후퇴...삼성전자 등 하락"
2023-06-14,373220,"'LFP 후발주자' 국내 배터리업계 ""자신 있다"" 한 목소리"
2023-06-14,373220,'무더기 하한가 사태' 또 터졌다…코스닥 2.8% 털썩 [시황종합]
2023-06-14,373220,"[마감 시황] 코스피, 2,610대로 하락…'에코프로 형제' 10%대 급락"
2023-06-14,373220,[코스피 마감]1% 미만 내려 2610선…포스코퓨처엠 5%대↓
2023-06-14,373220,"코스피, 0.7% 하락하며 2620선 내줘"
2023-06-13,373220,"기관투자자-삼성·현대차 등 대표기업 한 자리에…NH證, '더씨 포럼' 개최"
2023-06-13,373220,"코스피, 美 훈풍에 상승…금리 동결 기대감·반도체주 강세[개장시황]"
2023-06-13,373220,"[마감 시황] 美FOMC 앞두고 눈치보기…코스피, 소폭 상승 마감"
2023-06-13,373220,"코스피, 미국 FOMC 눈치보기 속 '반도체 강세'에 소폭 올라…외인 삼성전자·..."
2023-06-13,373220,미국발 훈풍에 반도체·2차전지株 랠리…국내증시에 온기
2023-06-12,373220,"LG엔솔, 오창에너지플랜트에 두번째 직장어린이집 개원"
2023-06-12,373220,[코스피 마감]외인·기관 '팔자' 속 2620선…대형주 우수수
2023-06-12,373220,"[마감 시황] 반·車 동반 약세…코스피, 2620대 하락 마감"
2023-06-12,373220,"코스피, 외국인 매도세에 0.45% 하락…2629선 마감"
2023-06-12,373220,"코스피, 외인 매도에 2,630선…삼성전자 주가 '약보합세'"
2023-06-11,373220,[주간추천주]2Q 실적 보는 증권가…삼성전자·LG엔솔 '주목'
2023-06-11,373220,"[이번주 추천주] ""상승세 LG엔솔·현대미포조선에 올라탈 만"""
2023-06-11,373220,87% 폭등 테슬라에 2차전지 펀드 들썩…조선해운도 미소[펀드와치]
2023-06-11,373220,"[데이터로 보는 증시]삼성전자·LG엔솔, 기관·외국인 주간 코스피 순매수 1위..."
2023-06-11,373220,"물오른 K-배터리, 2분기도 ‘최대실적’…SK온 첫 흑자 기대"
2023-06-10,373220,[유안타證 주간추천주]삼성전자·LG에너지솔루션·두산
2023-06-10,373220,"KB증권, 6월 둘째주 삼성전자 등 3종목 매수 추천"
2023-06-09,373220,"엔진관리? 이제 배터리 관리…LG엔솔, 수입차 딜러사에 BaaS 제공"
2023-06-09,373220,[시그널] LG엔솔 첫 신용등급 ‘AA’…1조 회사채 발행 청신호
2023-06-09,373220,1년 만에 2640선 되찾은 코스피…美 금리 동결 기대감
2023-06-09,373220,"코스피, 외국인·기관 동반 매수세…2640선 돌파"
2023-06-09,373220,코스피 1% 넘게 상승…2640선 돌파
2023-06-08,373220,"LG엔솔, 메탈가 하락에도 견조한 실적…목표가↑-KB"
2023-06-08,373220,"LG엔솔 1~4월 중국 외 시장 1위 유지…中 CATL, 턱밑까지 추격"
2023-06-08,373220,"[마감시황] 코스피, 4거래일 만에 종가 대비 하락 마감…2610대 '턱걸이'"
2023-06-08,373220,코스피 4거래일만에 0.2% 하락…2610선 턱걸이
2023-06-08,373220,"코스피, 외국인 매도에 2,600선 위태…삼성전자 7만선 지켜낼까"
2023-06-07,373220,LG엔솔 '인조흑연' 공동개발…中 의존도 낮춰
2023-06-07,373220,"LG에너지솔루션, 북미서 음극재 공급망 강화"
2023-06-07,373220,"잭팟 3방에 '83조' 일감…포스코퓨처엠 양극재 ""더 큰 게 남았다"""
2023-06-07,373220,"LG엔솔 회사채 발행 5천억→1조 증액 검토..""신용등급 AA이상 될 듯"""
2023-06-07,373220,'백조'로 탈바꿈 SK온 품고…SK이노베이션 '훨훨'
2023-06-06,373220,분할 이후 첫 회사채 발행 LG에너지솔루션…사용처는
2023-06-06,373220,회사로 친구불러 '불금 파티' …애사심 높이고 홍보효과까지
2023-06-05,373220,"LG엔솔 2→3위, 삼성SDI 6→7위…中에 덜미 잡힌 K-배터리"
2023-06-05,373220,[오늘증시]기관 '사자'에 코스피·코스닥 동반상승
2023-06-05,373220,"[오전 시황] 코스피, 장 초반 상승세…외인·기관 매수로 2610대"
2023-06-05,373220,[코스피 마감]기관 매수에 2615.41…올해 최고치
2023-06-05,373220,"코스피, 2600선대 다지기…삼성전자 7만선서 약보합"
2023-06-04,373220,"[데이터로 보는 증시]SK이노베이션·삼성전자, 기관·외국인 주간 코스피 순매..."
2023-06-03,373220,"미래에셋증권, 6월 첫째주 SK바이오팜 등 55종목 매수 추천"
2023-06-02,373220,"포스코퓨처엠, GM 합작사 '얼티엄캠'에 1조 추가 투자…""양극재 증설"""
2023-06-02,373220,LG엔솔·HD현대오일뱅크…6월에도 공모채 시장 '후끈'
2023-06-02,373220,"현대차증권, 실적 전망 '족집게 도사' 명성"
2023-06-02,373220,"코스피, 1년 만에 2600선 돌파"
2023-06-02,373220,"[오늘증시]코스피, 외국인·기관 '쌍끌이'로 1년만에 2600선 돌파"
2023-06-01,373220,"LG엔솔, 레드캡투어와 ‘전기차 배터리 사업’ 업무협약 체결"
2023-06-01,373220,"1000대 기업 매출 15%↑ 2천조 육박…""삼성전자, 21년 연속 1위"""
2023-06-01,373220,"[오늘증시]코스피, 기관 매도에 하락 ""2569선 마감""... 코스닥은 또 올랐다"
2023-06-01,373220,"[마감시황] 코스피, 기관의 대량 매도세에 2570선에서 후퇴"
2023-06-01,373220,"""美 부채한도, IRA 변동 없어…국내 2차전지 공급망 우려 완화"""
2023-05-31,373220,"전기차 배터리 정보 ‘돈 된다’…LG엔솔, 레드캡투어와 협력"
2023-05-31,373220,"LG엔솔-레드캡투어, 전기차 배터리 관리사업 맞손"
2023-05-31,373220,"LG에너지솔루션, 렌터카업체 손잡고 'BaaS' 고도화"
2023-05-31,373220,코스피·코스닥 장 초반 소폭 상승…2차전지 강세[개장시황]
2023-05-31,373220,"코스피, 기관 대량 매물에 약세 전환…외인 SK하이닉스·삼성전자·LG에너지솔..."
2023-05-30,373220,"국내 주요기업 여성 임원 7% 육박…""사내이사는 여전히 제자리"""
2023-05-30,373220,"한화투자증권, 랩어카운트 '델타랩 삼성전자우' 출시"
2023-05-30,373220,"나인테크, 매출 29%↑ 영업익 55%↓"
2023-05-30,373220,"(주간증시전망)'미 부채한도 협상' 박스권 횡보…""비중확대 기회"""
2023-05-30,373220,"코스피, 외인 매수에 2,580선...삼성전자, 2%대 강세 지속"
2023-05-29,373220,"350조로 커지는데…K-ESS 글로벌 점유율, 3년새 55%→14%로 뚝"
2023-05-29,373220,[마켓인]LG엔솔부터 호텔롯데까지…AA급 공모채 시장 '노크'
2023-05-29,373220,"[서경스타즈IR] 글로벌 전지소재 기업으로 변신…LG화학 ""올 매출 60조"""
2023-05-29,373220,"[데이터로 보는 증시]삼성전자·SK하이닉스, 기관·외국인 주간 코스피 순매수..."
2023-05-28,373220,"주도주 바뀐다…반도체, 2차전지 수익률 역전"
2023-05-26,373220,"현대차그룹·LG엔솔, 미국에 배터리 공장 짓는다..5.7조 투자"
2023-05-26,373220,"LG엔솔, 현대차와도 美 합작공장…韓美日 차업체와 'IRA 대응' 구축"
2023-05-26,373220,"[속보] 현대차·LG엔솔, 5.7조 투자해 美 배터리 합작공장 건설"
2023-05-26,373220,"[속보] 미국 PCE 물가 ""예상밖 급등"" 연준 FOMC 또 금리인상…뉴욕증시 비트코..."
2023-05-26,373220,삼성전자 14개월만에 '7만전자' 진입ᆢ코스피 강보합
2023-05-25,373220,LG엔솔 찾은 산업장관 “5년 내 배터리 5대 수출품으로 성장”
2023-05-25,373220,"4대 그룹, 부산 'WCE 2023' 참가…탄소중립 솔루션 선보인다"
2023-05-25,373220,"삼성·LG, 기후산업국제박람회서 '탄소중립 비전' 알린다"
2023-05-25,373220,코스피 0.5% 하락…2550선 마감
2023-05-25,373220,"코스피, 반도체株 강세…2,560선 턱밑 움직임"
2023-05-24,373220,"삼성전자, 4년 연속 '경영평가 최우수 기업'…현대차 2위·기아 3위"
2023-05-24,373220,"[오늘증시]코스피 숨고르기, 8거래일 만에 하락 ""2567선 마감"""
2023-05-24,373220,"코스피, 개인·외인 ‘사자’에 양전…2570선 회복"
2023-05-24,373220,"[오후 시황] 코스피, 소폭 하락 후 반등…2560선 유지"
2023-05-24,373220,코스피 약보합 마감…기관은 팔고 개인·외인은 사고
2023-05-23,373220,"LG엔솔, 글로벌 2차전지 대장주…목표가 68만원-SK"
2023-05-23,373220,LG에너지솔루션·에코프로 등 이차전지주 강세 [특징주]
2023-05-23,373220,"[데이터로 보는 증시]삼성전자·LG엔솔, 기관·외국인 코스피 순매수 1위(5월..."
2023-05-23,373220,"코스피, 7거래일 연속 상승 마감"
2023-05-23,373220,"코스피, 개인·외인 '팔자' 속 기관 매수에 소폭 상승…기관 삼성전자·LG화학..."
2023-05-22,373220,R&D 비용·조직 확대…LG엔솔 권영수의 '스마트팩토리' 속도전
2023-05-22,373220,"코스피, 위험선호 심리 회복에 상승 2557선…조선주 강세 [시황종합]"
2023-05-22,373220,"[오전 시황] 코스피, 외인·기관 '사자'에 상승 출발…2550대 올라서"
2023-05-22,373220,NYT 뉴욕증시 디폴트 경고
2023-05-22,373220,"코스피, 외국인 매수세에 0.7% 넘게 상승"
2023-05-21,373220,실적 시즌 끝난 공백기…저평가·소외株 담아볼까
2023-05-21,373220,"""유럽시장 곧 中에 추월"" 걱정 큰데…K-배터리 美 집중하는 이유"
2023-05-20,373220,"코스피, 기관 순매수도 상위 10종목(19일)...삼성전자-SK하이닉스-NAVER"
2023-05-20,373220,"[속보] 미국 끝내 디폴트, 제롬파월 부채한도협상 채무불이행 경고… 뉴욕증시..."
2023-05-19,373220,"LG엔솔, 북미 리튬 공급망 추가 확보"
2023-05-19,373220,"LG엔솔, 북미 현지서 리튬 정광 확보 …호주 광산업체와 계약"
2023-05-19,373220,"세아메카닉스, LG엔솔에 '669억원 규모' 북미 전기차용 배터리 커버 공급"
2023-05-19,373220,"LG엔솔, 북미 내 ‘수산화리튬’ 공급망 강화…공급·투자 계약"
2023-05-19,373220,"코스피, 외국인·기관 매수에 2530대 마감…반도체주 강세"
2023-05-18,373220,"""도전적 R&D 응원"" LG엔솔 발명왕 포상"
2023-05-18,373220,"LG에너지솔루션, ‘발명왕 포상’ 도입…“지식재산권 경쟁력 강화”"
2023-05-18,373220,RE100 대체재 CF100 추진에 민관 맞손…'원전'이 핵심 역할
2023-05-18,373220,"코스피, 2,510대로 상승…미국 부채협상 기대감 훈풍"
2023-05-18,373220,코스피 7거래일만에 2500선 회복
2023-05-17,373220,"[오전 시황] 코스피, 美 불확실성 우려에 2,480선서 보합"
2023-05-17,373220,"코스피, 외인 '사자'에 기관 가세…2500선 눈앞"
2023-05-17,373220,"코스피·코스닥, 외국인과 기관 매수에 상승 마감"
2023-05-17,373220,"美 부채협상 결렬에도 코스피 강보합...2,490선 안착"
2023-05-17,373220,"코스피, 2차전지·인터넷주 강세에 2,490대로 상승…외인 SK하이닉스·한화솔..."
2023-05-16,373220,"LG엔솔 ""공장 건설 중단"" 강수 뒀다…캐나다의 '보조금' 식언 사태"
2023-05-16,373220,"한투운용, 테슬라 비중 최대 60% ETF 출시"
2023-05-16,373220,"수산화리튬 두달새 반토막…K배터리 ""오히려 좋아"" 왜? [biz-플러스]"
2023-05-16,373220,"코스피, 중국 지표 부진에 상승폭 반납…외인 SK하이닉스·삼성전자·JYP엔터..."
2023-05-16,373220,"[마감 시황] 코스피, 외국인·개인 '팔자'에도 2480선 지켜냈다"
2023-05-15,373220,한-인니 고위급 회담…원전·핵심광물 공급망·전기차 등 협력 추진
2023-05-15,373220,수산화리튬 반토막에…K배터리가 웃는 '3가지 이유'
2023-05-15,373220,"코스피, 2,470대서 강보합 마감…기관 에코프로·에코프로비엠·엘앤에프 등 ..."
2023-05-15,373220,코스피 기관 매수세에 강보합 마감…2470선 유지
2023-05-15,373220,"코스피, 개인·기관 매도에 2,460선...삼성전자 소폭 '오름세'"
2023-05-14,373220,"가정의 달, 삼성전자·애플 주식으로...미성년 타깃 마케팅 증권업계"
2023-05-13,373220,"뉴욕증시 비트코인 와르르 급락, 백악관 부채한도협상 돌연 취소 끝내 ""디폴트..."
2023-05-12,373220,"뉴욕증시 비트코인 실업보험청구 예상밖 폭발 + PPI 물가 ""쇼크"" FOMC 역대급..."
2023-05-12,373220,[코스피 마감]네이버 오르고 LG엔솔 내리고…소폭 하락
2023-05-12,373220,[마감 시황] 외인·기관 '팔자'에…코스피 2470대로 내려 앉아
2023-05-12,373220,[시황종합]美 리스크에 코스피 나흘 연속 하락…코스닥은 '하한가 해프닝'
2023-05-12,373220,"코스피, 외인·기관 '팔자'에 하락…외인 에코프로·코스모신소재·이마트 등..."
2023-05-11,373220,"잘나가던 2차전지, 외인 빠지니 ‘잔인한 5월’"
2023-05-11,373220,"[마감시황] 美 물가상승 꺾였는데…탄력 못받은 코스피 2,490대로 마감"
2023-05-11,373220,코스피 개인 매도세에 약보합 마감
2023-05-11,373220,"코스피, 미국 물가상승 둔화에도 하락…기관 에코프로비엠·현대차·현대엘리..."
2023-05-11,373220,"LG, 전년比 매출·영업익 줄었다…""불황 속 자회사 이익감소 탓""(종합)"
2023-05-10,373220,"테슬라, 미국산 모델3 롱레인지에 LG 배터리 쓴다"
2023-05-10,373220,"[시황종합]2500선 무너진 코스피…""美 CPI 앞두고 관망세"""
2023-05-10,373220,"[속보] 미국 CPI 물가 발표 ""예상밖 4.9%"" 뉴욕증시 비트코인 흔들 FOMC 또 금..."
2023-05-10,373220,[코스피 마감]美 CPI 앞두고 관망세…2500선 깨져
2023-05-10,373220,"코스피, 0.5% 하락 마감…2500선 아래로 후퇴"
2023-05-09,373220,기업공시
2023-05-09,373220,[단독]테슬라 '절반' 담은 국내 액티브 ETF 나온다
2023-05-09,373220,"엔시스, 1분기 순이익 21억원…전년比 11.3% 증가"
2023-05-09,373220,[시황종합]코스피 소폭 하락…차별화 장세 속 '네이버·셀트리온' 강세
2023-05-09,373220,"코스피, 경계심리 속 약보합 마감…외인 네이버·에코프로비엠·에코프로 등 ..."
2023-05-08,373220,"2차전지 광풍에…증시, 대형주 쏠림현상 심해졌다"
2023-05-08,373220,"[내 종목을 부탁해] 복잡한 계좌 해결 방법은? <에코프로>, <포스코퓨처엠>, ..."
2023-05-08,373220,"코스피기업 60%, 1분기 영업익 기대 웃돌아...LG전자·현대자동차 등 깜짝실적..."
2023-05-08,373220,"코스피, 외인·기관 동반 매수에 2510선 마감"
2023-05-08,373220,[오후 시황]외국인 기관 '사자'에 상승세…0.76% 상승한 2519.91
2023-05-07,373220,[데이터로 보는 증시]NAVER·삼성전자 기관·외국인 주간 코스피 순매수 1위(...
2023-05-06,373220,"‘테슬라 빅뱅’ 올라탄 LG엔솔, 최대 파트너사 정조준 [김기혁의 테슬라 롱숏..."
2023-05-04,373220,"세계 최초 ESS 종합 안전성 평가센터 착공…""화재 안전이 핵심"""
2023-05-04,373220,"동원시스템즈, 이차전지 양극박 사업 확대"
2023-05-04,373220,"대신증권, '가정의 달 맞이 주식 선물하기' 이벤트 진행"
2023-05-04,373220,[마감시황] 기관 공세 속에서도 2500선 지켜낸 코스피
2023-05-04,373220,[속보] 연준 FOMC 금리인상 뉴욕증시 비트코인 강타…디폴트 은행파산 2차 발...
2023-05-03,373220,"LG엔솔, 1~3월 전 세계 전기차 배터리 점유율 3위…CATL 1위"
2023-05-03,373220,"[주식 초고수는 지금] 포스코퓨처엠, 대규모 수주에 투자 확대까지…매수 1위"
2023-05-03,373220,코스피 0.9% 하락…2500선 턱걸이
2023-05-03,373220,"코스피, 5월 FOMC 앞두고 경계심↑ 하락 마감…기관 삼성전자·엘앤에프·삼성..."
2023-05-03,373220,"코스피, 2,500선 약세...삼성전자 주가 1%대 '내리막'"
2023-05-02,373220,"“재임 기간 세계 최고로”…LG엔솔 권영수, 첫 오창 ‘타운홀’"
2023-05-02,373220,강달러 업은 외국인 올 해 벌써 9.4조 담았다
2023-05-02,373220,[시황종합]기관·외인 '사자'에 코스피 상승마감…2차전지·자동차 강세
2023-05-02,373220,코스피·코스닥 상승 마감…환율 1340원 넘어서
2023-05-02,373220,"코스피, 외인 매수에 2,520선...삼성전자 오르지만 더 뛸까"
2023-05-01,373220,"""중국 따라잡자"" 리튬인산철 배터리 개발에 민·관 232억 투자"
2023-05-01,373220,美 진출 속도 높이는 K-배터리…추가 증설 가능성도 ‘솔솔’
2023-05-01,373220,퍼스트리퍼블릭 끝내 파산 뉴욕증시 비트코인 강타… 은행위기 2차 폭발 연준...
2023-05-01,373220,"개미들 절대지지 ‘배터리 아저씨’ 픽, 얼마나 올랐나 보니"
2023-04-30,373220,"'싸구려' 홀대하다 中에 내준 LFP의 반격…K-배터리 ""아뿔싸"""
2023-04-28,373220,"KB증권, 지수형·종목형 ELS 등 13종 공모"
2023-04-28,373220,"코스피, 4거래일 만에 2500선 상회…'무더기하한가' 종목 반등[시황종합]"
2023-04-28,373220,까다로워지는 기관투자자 IPO 수요예측….'뻥튀기 청약' 없앤다
2023-04-28,373220,"코스피, 강보합세로 2,500선 턱걸이…외인 삼성전자·네이버·SK하이닉스 등 ..."
2023-04-28,373220,"[마감 시황] 코스피, 외국인 매수에 2500선 회복…'무더기 하한가' 8개 종목 ..."
2023-04-27,373220,"금감원 ""2차전지 등 신사업 현황 의무 기재…허위 종목 신속 조사"""
2023-04-27,373220,[코스피 마감]6거래일만에 상승…2차전지株 강세
2023-04-27,373220,자동차·배터리 '전진' 반도체 '후진'…엇갈린 1분기 성적표
2023-04-27,373220,"코스피, 2,480선 턱밑…삼성전자, 반도체 적자에 '약세'"
2023-04-27,373220,K 배터리 수주 잔고만 815조원… 대세로 자리잡은 車·배터리 합작 모델 [biz...
2023-04-26,373220,"LG엔솔, 10년 전 미국行 ‘선견지명’…IRA 수혜로 돌아왔다(종합)"
2023-04-26,373220,"LG엔솔이 미국서 만들면 100% IRA 보조금…""배터리 주문 쇄도""(종합)"
2023-04-26,373220,'현대차-SK온' 'GM-삼성SDI' 이종동맹…美 IRA 파고 넘는다 [biz-플러스]
2023-04-26,373220,"포스코퓨처엠, LG엔솔에 7년간 하이니켈 양극재 30조원 규모 공급한다"
2023-04-26,373220,"LG엔솔, 북미시장 성장세에 '깜짝실적'…""IRA로 中대비 유리"""
2023-04-25,373220,"LG엔솔, 오창 에너지플랜트에 6000억 투자…‘마더라인’ 건설"
2023-04-25,373220,"LG엔솔, 6천억 들여 오창공장 '마더라인' 증설…파우치형 롱셀 양산 검증"
2023-04-25,373220,"LG엔솔, 오창 '마더팩토리' 6000억 투자…“배터리 컨트롤 타워로”"
2023-04-25,373220,"[기업뉴스 브리핑] LG엔솔, 오창 에너지플랜트 '마더 팩토리'로 육성...6000억..."
2023-04-25,373220,LG에너지솔루션·LG화학·삼성SDI·포스코홀딩스·포스코퓨처엠 등 2차전지 관...
2023-04-24,373220,"[특징주]디에이테크놀로지, 98억 규모 LG엔솔 설비 공급에 강세"
2023-04-24,373220,"SK온, 4700억 베팅…""2028년 전고체배터리 상용화"""
2023-04-24,373220,"'SG증권發 매물폭탄' 코스피, 하락 마감…환율 '연고점' 경신[시황종합]"
2023-04-24,373220,"코스피, 0.82% 내린 2,520대 마감…기관 SK하이닉스·삼성전자·기아 등 순매..."
2023-04-24,373220,코스피·코스닥 동반 하락…환율 연고점 경신
2023-04-22,373220,“5월에 팔아라” Vs “3년간 팔지마”…2차전지주 공방
2023-04-22,373220,"[한證막] 韓증시, 美 기업 실적 부진에 '털썩'…전주比 1%↓"
2023-04-22,373220,[재송]21일 장 마감 후 주요 종목 뉴스
2023-04-21,373220,"디에이테크놀로지, LG엔솔과 97.8억 규모 공급계약 체결"
2023-04-21,373220,미국車 이어 獨 폭스바겐도 전기차 보조금…아이오닉5·EV6 어쩌나
2023-04-21,373220,"KB증권, 원금비보장형 ELS 13종 등 판매"
2023-04-21,373220,"[오늘증시]미국발 악재에 코스피 2550선 아래로, 코스닥 1.91% 급락"
2023-04-21,373220,거친 中에 치인 화장품·패션주 '우수수'
2023-04-20,373220,"뉴욕증시 비트코인 ""대폭락 경고"" 씨티은행 1000조 증발… 테슬라 IBM 넷플릭..."
2023-04-20,373220,"민관, 이차전지 기술 초격차 위해 2030년까지 20조원 투자"
2023-04-20,373220,"尹 ""2차전지는 '안보 전략자산' 핵심""…전고체 상용화 등에 7년간 20조 투자"
2023-04-20,373220,"코스피, 외인 '사자' 전환에도 하락해 2560선…의료정밀 '강세'"
2023-04-20,373220,[오늘증시]미국발 악재에 코스피·코스닥 동반하락... 코스닥 2.5% 급락
2023-04-19,373220,인재 모셔 오는 직원에 ‘돈’ 준다는 이 회사
2023-04-19,373220,"[내 종목을 부탁해] 복잡한 계좌 해결 방법은? <엔켐>, <포스코스틸리온>, <롯..."
2023-04-19,373220,"'시총 363.8%' 눈덩이 …에코프로 최대주주 주식, 최태원·구광모도 제쳤다"
2023-04-19,373220,"[오전 시황] 코스피, 기관 매수세에 2570선 강보합"
2023-04-19,373220,코스피·코스닥 강보합 마감…환율 재차 연고점
2023-04-18,373220,"배터리에 진심인 구광모 ""양극재 선도적 우위 지속"""
2023-04-18,373220,현대차·기아 美보조금 제외…국내 車업계는 '차분'
2023-04-18,373220,"코스피, 외인 '사자' 전환에도 하락세…2560선"
2023-04-18,373220,"코스피, 기관 대량 매도에 소폭 하락…기관 순매도 상위 종목은 삼성전자·포..."
2023-04-18,373220,코스피 8거래일만에 하락 마감…2570선 유지
2023-04-17,373220,[마감 시황] 코스피 2570선 상승 마감…포스코 그룹株↑
2023-04-17,373220,"中 'LFP·반고체' 저가 배터리, 생각보다 위력적…국내 업체도 맞대응"
2023-04-17,373220,[코스피 마감]7거래일 연속 상승…개인 '사자' 속 2570선
2023-04-17,373220,"코스피, 개인 순매수에 소폭 상승 마감…2570대"
2023-04-17,373220,"코스피, 개인 매수·2차전지 오름세에 강보합…기관 순매도 상위 종목은 삼성..."
2023-04-16,373220,"‘답은 현장에’…LG엔솔 권영수, 매주 공장 가는 이유"
2023-04-16,373220,[데이터로 보는 증시]SK하이닉스·삼성전자 기관·외국인 주간 코스피 순매수...
2023-04-15,373220,"미래에셋증권, 4월 둘째주 LG에너지솔루션 등 14종목 매수 추천"
2023-04-15,373220,"뉴욕증시 은행 실적발표 ""예상밖"" 비트코인 달러환율 국채금리 강타"
2023-04-14,373220,"코스피, 6거래일 연속 상승 2570선…코스닥 '11개월만에' 900선[시황종합]"
2023-04-14,373220,"코스피, 2570 돌파…삼전 반등"
2023-04-14,373220,[ETF줌인] 2차전지 업고 '훨훨'…올해 수익률만 74%
2023-04-14,373220,코스피 6거래일째 상승…코스닥 900선 넘어
2023-04-14,373220,"코스피, 미국 PPI 둔화에 상승…2560선"
2023-04-13,373220,"신한투자증권, 제1회 IRA 투자설명회 성료"
2023-04-13,373220,"KB증권, 올해도 ECM 1위…공격적 유증에 개미 분통"
2023-04-13,373220,2035년 전기차 배터리 시장 '5배 성장'...공급이 수요에 못 미쳐
2023-04-13,373220,"[데이터로 보는 증시]삼성전자·포스코퓨처엠, 기관·외국인 코스피 순매수 1..."
2023-04-13,373220,"'넥스트 차이나 주목'…한투운용 ""印·베트남·멕시코 ETF↑"""
2023-04-12,373220,"""코스피, 1년 영업익 198조원으로 상향…거래대금도 증가"""
2023-04-12,373220,2035년 배터리 시장 규모 816조…차세대 기술보다 '가격' 변수
2023-04-12,373220,[오후 시황] 개인·외인 '사자' 속 코스피 2550선 강보합
2023-04-12,373220,"코스피 강보합 마감, 코스닥은 0.9% 하락…환율 연고점 기록"
2023-04-12,373220,"코스피, 장 초반 강보합권…개인·외인 순매수"
2023-04-11,373220,"디에이테크놀로지, 현대차·LG엔솔 인니 공장에 장비 출하"
2023-04-11,373220,"신평사 ""美 IRA 등 수혜…2차전지, 성장세 지속할 것"""
2023-04-11,373220,"“주가 바닥 시그널”…네이버 최수연·김남선, 자사주 총 3억 취득"
2023-04-11,373220,"[기업뉴스 브리핑] 디에이테크놀로지, 현대차-LG엔솔 합작 인니공장에 '제트 ..."
2023-04-11,373220,"코스피, 외국인 순매수에 1%대 상승 마감…2540선"
2023-04-10,373220,1Q 어닝시즌 예상보다 선방할까… 안도하는 증권가
2023-04-10,373220,"대신증권 ""LG엔솔, AMPC 수혜 3년간 5.8조…목표가 상향"""
2023-04-10,373220,[목표가 UP&DOWN] LG엔솔 IRA 수혜 기대감에 목표가 30%↑
2023-04-10,373220,"코스피, 8개월 만에 2,500선 회복…외인 순매수 상위 종목은 삼성전자·LG에너..."
2023-04-10,373220,"코스피, 개인 매수에 2,510선 돌파…삼성전자 1%대 '뜀틀'"
2023-04-09,373220,"LG엔솔 경영진 ""인재 선점"" 美 총출동"
2023-04-09,373220,"LG엔솔, 美서 석·박사 초청 채용 행사…글로벌 인재 확충"
2023-04-09,373220,"""글로벌 인재 확보"" LG엔솔, 미국서 채용 행사 개최"
2023-04-09,373220,"‘최대 실적’ LG엔솔, 인재 찾아 해외로…“글로벌 리더 굳힌다”"
2023-04-09,373220,"코스피, 외국인 순매수도 상위 10종목(7일)...삼성전자-삼성전자우-SK이노베이..."
2023-04-08,373220,'어닝 서프라이즈' LG엔솔…'미풍(美風)' 타고 고속 성장 궤도 올라탔다 [biz...
2023-04-08,373220,"[기업뉴스 브리핑] 해리스 美부통령, 한화솔루션 '조지아 태양광 공장' 방문 ..."
2023-04-07,373220,"LG엔솔, 1분기 매출 8.7조 ‘역대 최대’…IRA 세제 1003억 반영(종합)"
2023-04-07,373220,LG엔솔 1분기 영업익 6332억 145%↑…IRA 세액공제 반영(상보)
2023-04-07,373220,LG엔솔 1분기 영업이익 6천332억원…작년 동기 대비 144.6% 증가
2023-04-07,373220,"'영업익 6332억원' LG에너지솔루션, 1Q 잠정실적 발표"
2023-04-07,373220,배터리 기업에 시설투자에 7조 규모 금융지원
2023-04-06,373220,실적 우려에도 '될놈될'…자동차·2차전지는 '맑음'
2023-04-06,373220,"[오전 시황] 코스피, 外人·기관 동반 매도세에 2480선 하회"
2023-04-06,373220,"에코프로, 주가과열 평가 우려에도 개인 매수세 계속…단기 조정 우려도"
2023-04-06,373220,"코스피, 기관·외국인 동반 매도 1%대 하락…2450선"
2023-04-06,373220,"'이차전지 쉬고, 바이오 날고'…코스피, 2470선 아래로 [개장시황]"
2023-04-05,373220,"LG엔솔, 모로코서 수산화리튬 확보… 美 IRA 대응 가능"
2023-04-05,373220,"LG엔솔, 모로코서 수산화리튬 확보"
2023-04-05,373220,"LG엔솔, 中 야화와 모로코서 ‘수산화리튬 생산’ 맞손"
2023-04-05,373220,KB증권 '뻥튀기 청약' 규제 소급적용 받을까
2023-04-05,373220,"코스피, 기관 매수에 2,490대…기관 순매수 상위 종목은 삼성SDI·삼성전기·..."
2023-04-04,373220,IRA 세액공제 가이던스 발표…소재주 수혜 '부각'
2023-04-04,373220,"경기침체에 대기업 재고 175조원…""1년 사이 40조원 넘게 늘어"""
2023-04-04,373220,"""과학기술이 곧 경제안보"" 국가전략기술 특위 출범"
2023-04-04,373220,[오늘증시]개인 매수세에 코스피 · 코스닥 동반 상승
2023-04-04,373220,"코스피, 개인·기관 '사자'에 상승 출발…2480 도전"
2023-04-03,373220,'中시장 제외' LG엔솔 점유율 25.4% 1위…국내3사 50% 무너져
2023-04-03,373220,꺼져가던 日 배터리 불씨 되살린 美 IRA…中 핵심광물 정말 배제 가능할까 [b...
2023-04-03,373220,숨고르는 코스피…외국인·기관 매도에 2470 횡보
2023-04-03,373220,"코스피, 기관·외인 쌍끌이 매도에 소폭 하락…2470선 마감"
2023-04-03,373220,"유가급등 부담에 코스피 2,470대 소폭 하락…기관 순매도 상위 종목은 삼성전..."
2023-04-02,373220,1분기 삼성전자 영업익 -93% 전망 '14년來 최저'…전기·전자 '빨간불'
2023-04-02,373220,"""투자 늘려라"" 구광모의 'A·B·C'…LG 미래 책임질 사업들"
2023-04-01,373220,"뉴욕증시 리플 비트코인 ""폭발"" PCE 물가 안도 제롬파월 ""FOMC 연내 금리인하..."
2023-04-01,373220,'마이너스 탈출 넘버원'…작년 1등 성적표 받은 공제회는
2023-04-01,373220,"코스피, 외국인 순매수도 상위 10종목(31일)...삼성전자-포스코케미칼-삼성SD..."
2023-03-31,373220,"이큐셀, LG엔솔과 31억원 규모 공급계약 체결"
2023-03-31,373220,"""주주환원"" 권영수 LG엔솔 부회장, 자사주 1000주 매입"
2023-03-31,373220,[마감 시황] 외인·기관 쌍끌이 매수에 2470선 회복
2023-03-31,373220,코스피 장 초반 강보합…힘빠진 에코프로株에 코스닥은 약보합[개장시황]
2023-03-31,373220,"코스피 지수, 소폭 올라 2,460대 진입...환율 1,290원대 중반"
2023-03-30,373220,"권영수 LG엔솔 부회장, 주식 1000주 매입…""책임경영 의지"""
2023-03-30,373220,"권영수 LG엔솔 부회장, 회사 주식 1000주 사들여"
2023-03-30,373220,"“LG엔솔, IRA 세액공제 기대감 고조…목표가↑”"
2023-03-30,373220,"코스피, 외인 순매수에 소폭 상승 마감…2450선"
2023-03-30,373220,"코스피, 소폭 상승해 2,450대 안착…외인 순매수 상위 종목은 삼성전자·LG에..."
2023-03-29,373220,"[단독]LG엔솔, 美 IRA 보조금..세액공제 대신 '현금 수령' 검토"
2023-03-29,373220,"[마감 시황] 코스피, 外人·기관 매수에 소폭 상승한 2440선 마감"
2023-03-29,373220,증시 장 초반 강보합…개인 '나홀로' 매수세[개장시황]
2023-03-29,373220,코스피 2440선 마감…기관 순매수에 소폭 상승
2023-03-29,373220,"코스피, 소폭 상승해 2,440대 마감…기관 순매수 상위 종목은 삼성전자·DB하..."
2023-03-28,373220,‘글로벌 은행 위기’ Vs ‘긴축 종료 기대’…온탕냉탕 韓증시
2023-03-28,373220,"LG엔솔, 북미 중심 성장 지속…출범 후 연간 최대 실적 기록"
2023-03-28,373220,지난해 직원 채용 가장 많이 한 회사는?…1위 삼성전자
2023-03-28,373220,[시황종합]美 은행 리스크 완화에 증시 훈풍…은행·반도체株 강세
2023-03-28,373220,코스피 1% 상승…13거래일만에 2400선 회복
2023-03-27,373220,"코스피, 외인·기관 ‘팔자’에 하락전환…2400선 위태"
2023-03-27,373220,[주식 초고수는 지금] '독일 특허분쟁' 이오플로우 순매수 1위
2023-03-27,373220,[N2 증시 풍향계] '코스피 상장' 한화리츠 급락·'美 배터리 공장 투자' LG에...
2023-03-27,373220,"코스피, 외국인 매도에 0.2% 하락… 코스닥 0.4%↑"
2023-03-27,373220,[IB토마토](IB&피플)홍승일 법무법인 태평양 변호사
2023-03-26,373220,"포스코퓨처엠, GM 우수협력사 선정…'오버드라이브상' 수상"
2023-03-26,373220,에코프로가 띄운 코스닥…거래대금 두달째 코스피 앞서
2023-03-26,373220,"""배터리 믹싱 수주 3배 뛰어…매출 서프라이즈 자신"""
2023-03-26,373220,코스닥 시총 10위권 지각변동…에코프로비엠·에코프로·셀트리온헬스케어 to...
2023-03-26,373220,[데이터로 보는 증시]SK하이닉스·삼성전자 기관·외국인 주간 코스피 순매수...
2023-03-25,373220,"일론 머스크도 반했다…LG엔솔, 美에 7.2조 통큰 투자 [biz-플러스]"
2023-03-25,373220,"미래에셋증권, 3월 넷째주 LG에너지솔루션 등 3종목 매추 추천"
2023-03-24,373220,美 ESS시장 겨냥한 LG엔솔…대형 공장 지어 中기업 따돌린다
2023-03-24,373220,권영수 LG엔솔 부회장 “테슬라 협업·애리조나 공장 상반기 내 결론”
2023-03-24,373220,[2023 주총] LG엔솔 “수익성 No.1 기업으로 주주 신뢰 보답”
2023-03-24,373220,기업공시
2023-03-24,373220,"코스피, 기관 순매수도 상위 10종목(24일)...DB하이텍-삼성전자우-LG에너지솔..."
2023-03-23,373220,[시그널] ‘중소형 각축’ IPO 시장 한투·미래에셋 '선두'
2023-03-23,373220,전기차 넘어 ESS까지…보폭 넓히는 K-배터리
2023-03-23,373220,"코스피, 외국인·기관 순매수에 강보합 마감… 2420선 회복"
2023-03-23,373220,미국 연준 금리인상 종료 가시화에 코스피 0.3% 상승…외인 순매수 상위 종목...
2023-03-23,373220,"정의선, 인니 장관과 회동…전기차 생태계 구축 방안 논의"
2023-03-22,373220,"코스피, 외인·기관 매수 상승 마감…LG엔솔 4%대 상승"
2023-03-22,373220,"LG엔솔, IRA 기대감에서 확인 영역으로 전환…목표가↑-NH"
2023-03-22,373220,'테슬라 효과' 쏠쏠하네…LG엔솔 등 이차전지株 강세(종합)
2023-03-22,373220,"미래에셋증권 ""LG에너지솔루션 올 1분기 실적 가장 견조 전망"""
2023-03-22,373220,[리턴즈 고래 삼총사] '신재생· 2차전지· 건설' 주목! 바닥 종목에 승부하자
2023-03-21,373220,"""LG엔솔, 유럽서 선두적 지위 유지 전망"""
2023-03-21,373220,"에이프로, LG엔솔과 124억 규모 2차전지 장비 공급 계약 체결"
2023-03-21,373220,"'CS발 우려 진정' 코스피, 강보합권…에코프로株 상승세[장중시황]"
2023-03-21,373220,"코스피, 기관 매수에 상승 마감…2380선"
2023-03-21,373220,"코스피, 2388선에 강보합 마감…금융불안 진정"
2023-03-20,373220,장애인·소수인종 고용 확대…'DEI'로 글로벌 ESG 강화 나선 LG엔솔
2023-03-20,373220,"코스피, FOMC 경계감 속 등락…2370선까지 '후퇴'"
2023-03-20,373220,코스피 하락 출발…“금융 리스크 국내 증시에 부담” [개장시황]
2023-03-20,373220,[추천주] 삼성SDI·롯데정보통신 등 소외된 2차전지주 주목
2023-03-20,373220,"코스피, 0.7% 하락…코스닥은 0.6% 상승"
2023-03-19,373220,한국 빅3 기업 매출 다 합쳐도…中 이 회사보다 못 벌었다는데
2023-03-19,373220,"2010년 이후 신규 상장사 64% 손실…""고평가 유도 IPO 탓"""
2023-03-17,373220,"[특징주] 세아메카닉스, LG엔솔 中 신차 명단 포함 입지 강화에 수혜 기대감↑"
2023-03-17,373220,유럽판 IRA 재료 소멸?…LG엔솔·에코프로비엠 ‘우수수’ [마감시황]
2023-03-17,373220,"""3월4주, 슈퍼 주총위크""…현대차·LG엔솔·네이버 등 586개사 빽빽"
2023-03-17,373220,은행권 위기감 잦아들며 코스피 2380선
2023-03-17,373220,"코스피, 기관 매수세에 2390선 지지…상단은 제한"
2023-03-16,373220,"[데이터로 보는 증시]SK하이닉스·포스코케미칼, 기관·외국인 코스피 순매수..."
2023-03-16,373220,[한일새시대] 韓日 '미래기금' 공통과제 투입…경제협력 빨라진다
2023-03-16,373220,[기자수첩]CEO 빠진 K배터리 잔치
2023-03-16,373220,"코스피, CS 충격에도 0.1% 하락 마감"
2023-03-16,373220,"코스피, 크레디트스위스發 충격 완화에 약보합 마감"
2023-03-15,373220,"[데이터로 보는 증시]LG엔솔·삼성전자, 기관·외국인 코스피 순매수 1위(3월..."
2023-03-15,373220,"K-배터리, 인터배터리서 LFP 신호탄…신기술 개발도 가속"
2023-03-15,373220,코스피 상승 출발…에코프로 11%↑[개장시황]
2023-03-15,373220,인터배터리 찾은 LS 구자균·구동휘…배터리 '열공'
2023-03-15,373220,"한국투자증권, 삼성전자·SK하이닉스 기초...ELW 256종목 신규 상장"
2023-03-14,373220,"미래에셋증권, ELW 235개 종목 신규 상장"
2023-03-14,373220,폭스바겐도 加에 배터리공장…IRA發 광물확보전 점입가경
2023-03-14,373220,"코스피, ‘SVB 사태’ 여진에 하락 출발…2370선"
2023-03-14,373220,"'SVB 파산 공포 확산'에 코스피 2.5% 급락…""단기 불확실성 극대화"""
2023-03-14,373220,"코스피, 2,350선까지 후퇴...삼성전자 1%대 빠지며 '5만 전자'"
2023-03-13,373220,"[데이터로 보는 증시]삼성전자, 기관·외국인 코스피 순매수 1위(3월 13일)"
2023-03-13,373220,코스피 다시 오르네…롤러코스터 장세 속 2400선 회복
2023-03-13,373220,코스피 2400선 회복…한국타이어 화재 영향에 5%대 급락 [마감시황]
2023-03-13,373220,"中 CATL 'IRA 꼼수 회피' 딱 걸렸다…美상원 ""배터리 보조금 안돼"""
2023-03-13,373220,"전고체서 4680원통형까지…K배터리, 초격차 속도낸다"
2023-03-12,373220,"권영수 LG엔솔 부회장, 中 난징 공장 첫 방문…""배터리 생산라인 점검"""
2023-03-12,373220,"K-배터리, 저가 모델로 ESS시장 탈환 나선다…""中 나와라"""
2023-03-11,373220,"로이터 “테슬라, 배터리 수급 높이려 한중일 업체와 협업 확대”"
2023-03-11,373220,해외투자 집중하는 배터리 업계…K-칩스법 반기는 이유
2023-03-11,373220,[한證막] 파월 매파적 발언에 맥없이 무너진 코스피
2023-03-10,373220,"[데이터로 보는 증시]SK이노베이션·삼성SDI, 기관·외국인 코스피 순매수 1위..."
2023-03-10,373220,美 충격에 2400선 깨졌다…‘6만 전자’ 붕괴[코스피 마감]
2023-03-10,373220,"코스피 2300선 후퇴, 하이브 뛰고 에스엠·카카오 동반 하락 [마감시황]"
2023-03-10,373220,뉴욕증시 비트코인 휘청 고용보고서 SVB 실버게이트 3대 악재… 국채금리 달러...
2023-03-10,373220,"코스피, 2400선 붕괴…코스닥도 800선 아래로"
2023-03-09,373220,"LG엔솔, 인터배터리서 '배터리 교환 스테이션' 사업 공개"
2023-03-09,373220,SK온 '각형' 배터리 공개…LG엔솔은 LFP 선보여
2023-03-09,373220,"디에이테크놀로지, 1000억대 2차전지 장비 선적 본격화"
2023-03-09,373220,"코스피, '네 마녀의 날' 맞아 2419선 후퇴"
2023-03-09,373220,[株式장보고] 3월9일 국내 증시 이슈와 주요 종목
2023-03-08,373220,"LG엔솔 사내기업 에이블, 제주서 재생에너지 발전량 예측사업 시작"
2023-03-08,373220,올 주총도 전자투표 ‘열풍’
2023-03-08,373220,"LG엔솔 AVEL, 남동발전·탐라해상과 제주 재생에너지 시범사업 참여"
2023-03-08,373220,美 금리 상향 전망에 네이버·카카오 동반 하락 [마감시황]
2023-03-08,373220,"코스피, 1.3% 하락 마감…파월 매파 발언 충격 여파"
2023-03-07,373220,"LG엔솔, 1월 非중국시장서 1위…삼성SDI 4위·SK온 5위"
2023-03-07,373220,"LG에너지솔루션, 2025년까지 고성장 기대…투자의견 '매수' -KB"
2023-03-07,373220,"[데이터로 보는 증시]SK이노베이션·삼성SDI, 기관·외국인 코스피 순매수 1위..."
2023-03-07,373220,[株式장보고] 3월7일 국내 증시 이슈와 주요 종목
2023-03-07,373220,"LG엔솔, 중국 제외 배터리 시장서 ‘살얼음판’ 선두"
2023-03-06,373220,"코스피·코스닥, 1%대 동반 상승 마감"
2023-03-06,373220,폐배터리 힘싣는 美…'先투자' LG도 방긋
2023-03-06,373220,1월 전기차 배터리 점유율 中업체 1·2위…LG엔솔 3위
2023-03-06,373220,돌아온 외국인…中 양회로 코스피 탄력받나
2023-03-06,373220,"코스피 상승…삼성SDI, GM 합작공장 설립에 6%대 ↑ [마감시황]"
2023-03-05,373220,"[데이터로 보는 증시] 포스코케미칼·삼성SDI, 기관·외국인 주간 코스피 순매..."
2023-03-05,373220,"삼성SDI는 GM 美공장 채가고, LG엔솔은 日업체로…배터리 '꼬꼬무'"
2023-03-05,373220,"[강은성의 뉴스1픽] 80조 손실낸 국민연금, KT 주식 왜 팔았을까?"
2023-03-04,373220,"코스피, 기관 순매수도 상위 10종목(3일)...셀트리온-삼성SDI-포스코케미칼"
2023-03-04,373220,뉴욕증시 비트코인 국채금리 2차 폭발 제롬파월 긴축 급선회 FOMC 빅스텝 금리...
2023-03-03,373220,"KB증권, LG엔솔 등 ELS 공모…연수익 최고 22%"
2023-03-03,373220,"삼성SDI, GM과 배터리 합작공장 만든다…전기차 60만대 규모"
2023-03-03,373220,[오늘증시]외국인 '사자'에 코스닥 반년만에 800선 탈환
2023-03-03,373220,"[오후 시황] 코스피, 개인·기관 매수에 강보합"
2023-03-03,373220,"코스닥, 800선 돌파…서정진 복귀설에 셀트리온 3형제 ‘쑥’ [마감시황]"
2023-03-02,373220,LG엔솔 오창사업장 명칭 '에너지플랜트'로 변경…직원 제안이 현실로
2023-03-02,373220,"LG엔솔 오창 공장, ‘에너지플랜트’로 새출발…직원 의견 반영"
2023-03-02,373220,"코스피, 외인 순매수에 상승 마감…2420선"
2023-03-02,373220,"코스피, 외국인 매수세에 소폭 상승…2427선 마감"
2023-03-02,373220,"코스피, 기관·외인 매수에 2,410선...삼성전자, 소폭 '상승세'"
2023-03-01,373220,"LG엔솔-혼다, 美 배터리 합작공장 첫삽"
2023-03-01,373220,"LG엔솔-혼다, 美 합작공장 ‘첫삽’…북미 시장 공략 본격화"
2023-03-01,373220,"'셀 코리아' 외인, 수주 잭팟 기업에 꽂혔다"
2023-03-01,373220,"뉴욕증시 비트코인 흔들 제롬파월 디스인플레 ""성급"" FOMC 빅스텝 금리인상"
2023-03-01,373220,"코스피, 외국인 순매수도 상위 10종목(28일)...현대차-카카오뱅크-카카오페이"
2023-02-28,373220,[특징주] 테슬라發 훈풍에 2차전지주 장 초반 강세
2023-02-28,373220,[특징주]테슬라 데이 앞두고…LG엔솔·삼성SDI 강세
2023-02-28,373220,"코스피, 기관 매수에 상승 마감…2410선"
2023-02-28,373220,"코스피, 기관·외인 매수에 2,420선 안착...삼성전자 1%대 '반등'"
2023-02-28,373220,[증시] 미국 주가 상승 영향으로 소폭 반등…기관 순매수 상위 종목은 삼성전...
2023-02-27,373220,[오후 시황] 외인·기관 동반 '팔자'에 코스피 1%대 하락
2023-02-27,373220,지난해 IPO 공모액 전년比 21%↓…4년만에 감소
2023-02-27,373220,"코스피, 美 증시 부진에 하락 출발…2390선"
2023-02-27,373220,코스피 2400선 턱걸이…IFRS17 마련에 보험株 강세 [마감시황]
2023-02-27,373220,[증시] 미국 긴축우려에 코스피 '출렁'…기관 순매도 상위 종목은 삼성전자·...
2023-02-25,373220,코스피 외국인 순매수도 상위종목(25일)...한화에어로스페이스-한화솔루션-HM...
2023-02-25,373220,"뉴욕증시 암호화폐 와르르 급락, PCE 물가 쇼크 국채금리 달러환율 국제유가 ..."
2023-02-24,373220,"[데이터로 보는 증시]G엔솔· 한화에어로스페이스, 기관·외국인 코스피 순매..."
2023-02-24,373220,"[속보] 뉴욕증시 비트코인 날벼락… IMF 모든 암호 가상화폐 ""법정통화 퇴출"""
2023-02-24,373220,"코스피, 하락 전환해 2420선…외인·기관 동반 '팔자'"
2023-02-24,373220,"코스피, 외인·기관 동반 매도에 하락 마감…2420선"
2023-02-24,373220,"코스피 상승, ‘호실적’ 손해보험株 동반 강세[개장시황]"
2023-02-23,373220,"""배터리, 지속 성장 핵심동력…규제개선 적극적 역할할 것"""
2023-02-23,373220,[코스피 마감]FOMC 의사록 영향 제한…기관 매수에 0.89%↑
2023-02-23,373220,"코스피, 외국인·기관 매수에 0.8%상승…2430선 마감"
2023-02-23,373220,"코스피, 개인 매수에 강세 출발…2430선"
2023-02-23,373220,"코스피, 기관·외인 매수에 2,440선...삼성전자 1%대 '오르막'"
2023-02-22,373220,[그래픽] LG에너지솔루션 튀르키예 배터리 합작공장
2023-02-22,373220,LG엔솔은 포드 손잡고 유럽 공략…튀르키예서 전기차 50만대분 배터리 생산
2023-02-22,373220,"LG엔솔, 사외이사 후보로 박진규 전 산업부 1차관 추천"
2023-02-22,373220,"LG엔솔, 미국 포드와 ‘튀르키예 전기차 배터리 합작법인’ 설립 추진"
2023-02-22,373220,파랗게 질린 코스피…외인·기관 쌍끌이 매도에 하락 [마감시황]
2023-02-21,373220,"中 CATL 가격 인하, 2차전지株 영향은?"
2023-02-21,373220,[코스피 마감]강보합권서 2450선…개인·외인 '사자'
2023-02-21,373220,[오전시황] 박스권 갇힌 코스피…2460선 공방
2023-02-21,373220,"코스피, 외국인·기관 매도에 약세 출발"
2023-02-21,373220,"[증시] 코스피, 2,450대 강보합 마감…기관 순매도 상위 종목은 삼성전자·카..."
2023-02-20,373220,"[마감시황] 코스피, 개인·기관 매수세에 2450선 회복"
2023-02-20,373220,[코스피 마감]관망세 속 상승해 2450선…2차전지株 약세
2023-02-20,373220,"코스피 하락, SM 공개 매수가 유지에 5%대 약세 [개장시황]"
2023-02-20,373220,코스피 강보합 마감…외국인 2911억원 순매도
2023-02-20,373220,"코스피, 외국인·기관 매도에 약세 출발"
2023-02-18,373220,"[한證막] 코스피, 美 긴축 우려에 전주比 0.7%↓"
2023-02-18,373220,코스피 기관 순매수도 상위 10종목(17일)...POSCO홀딩스-KB금융-롯데케미칼
2023-02-18,373220,뉴욕증시 비트코인 와르르 급락 FOMC 빅스텝 킹달러 긴축 급선회
2023-02-17,373220,[코스피 마감]美 긴축 강화 우려에 0.98%↓…2450선 후퇴
2023-02-17,373220,매파 연준에 하락세…시총 상위주 파란불 [개장시황]
2023-02-17,373220,"코스피, 기관 매도에 약세 출발"
2023-02-17,373220,"코스피, 기관 매도에 2,460선...삼성전자 1%대 '내리막'"
2023-02-17,373220,코스피 기관 순매수도 상위 10종목(16일)...삼성전자-LG화학-SK하이닉스
2023-02-16,373220,"[데이터로 보는 증시] 삼성전자, 기관·외국인 코스피 순매수 1위(2월 16일)"
2023-02-16,373220,"신한투자증권, 바이셀스탠다드와 토큰증권 MOU [증권오늘]"
2023-02-16,373220,"KB증권, 최고 연 11.2% 추구 ELS 등 17종 공모"
2023-02-16,373220,기관 매수에 낙폭 되돌리는 코스피…상승 출발
2023-02-16,373220,"[증시] 코스피, 2% 가까이 상승 마감…기관 순매수 상위 종목은 삼성전자·LG..."
2023-02-15,373220,"LG엔솔, 기후변화 관련 재무·환경 정보 공개한다…업계 최초 TCFD 지지"
2023-02-15,373220,"LG에너지솔루션, 국내 배터리업계 최초 TCFD 지지 선언"
2023-02-15,373220,중국 추격에 미국 뒤통수…배터리 3사 전략은?
2023-02-15,373220,고금리 우려에 코스피 하락…은행주 동반 약세 [마감시황]
2023-02-15,373220,"코스피, 외국인·기관 매도세에 1.5% 하락"
2023-02-14,373220,마세라티 첫 전기차 'LG엔솔 배터리' 달고 달린다
2023-02-14,373220,"국내 3사, 지난해 ‘중국 제외’ 전기차 배터리시장 과반 차지"
2023-02-14,373220,"(기업대해부)실적 퀀텀점프 '아바코', 2차전지 수혜 지속"
2023-02-14,373220,"尹 우려처럼, 은행은 진짜로 돈잔치?[궁즉답]"
2023-02-14,373220,"코스피 상승, SM 공개매수 나서는 하이브 6%대 급등 [마감시황]"
2023-02-13,373220,포드 손잡고 美공장 세우는 CATL…'中 배제' IRA 뚫렸다
2023-02-13,373220,코스피 하락 마감…LG엔솔·SK하이닉스 3%대 내려 [마감시황]
2023-02-13,373220,[코스피 마감]긴축 장기화 우려 속 美CPI 경계…0.69% 하락
2023-02-13,373220,"코스피, 미국 CPI 관망에 약세 마감"
2023-02-13,373220,"[증시] 코스피, 2,450대 약보합 마감…기관 순매도 상위 종목은 삼성전자·카..."
2023-02-12,373220,"“부모님 어깨 으쓱”…권영수 LG엔솔 부회장, 신입사원 ‘깜짝 선물’"
2023-02-11,373220,"LG에너지솔루션, 폴란드 자동차산업협회 가입 왜? [뒷북비즈]"
2023-02-11,373220,"[한證막] 코스피, 美 긴축 장기화 우려에 전주比 0.4%↓"
2023-02-10,373220,아직도 은행주 사니? 외국인의 눈은 2차전지로
2023-02-10,373220,"[단독] LG엔솔, 폴란드 자동차산업협회 가입…“유럽서 목소리 키운다”"
2023-02-10,373220,올해 첫 따상상 꿈비…‘하이브 공개매수’ SM 16%대 급등 [마감시황]
2023-02-10,373220,코스피 2469선 마감…기관 대량 매도세
2023-02-10,373220,"[증시] 코스피, 기관 대량 매도에 2,460대로 하락…기관 순매도 상위 종목은 ..."
2023-02-09,373220,"권영수 LG에너지솔루션 부회장, 차기 전지협회장 맡아"
2023-02-09,373220,"재닛 옐런 美재무 장관, LG엔솔·GM 합작 배터리공장 방문"
2023-02-09,373220,"KB證, 조건 충족 시 최고 연 10.0%(세전) 추구 ELS 등 14종 공모"
2023-02-09,373220,"[데이터로 보는 증시] 카카오·삼성전자, 기관·외국인 코스피 순매수 1위(2월..."
2023-02-09,373220,"코스피, 하락 출발…시총 상위주 약세"
2023-02-08,373220,"SK온, 포드와 튀르키예 합작공장 결국 무산"
2023-02-08,373220,침체 직격탄에 지난해 유통 순고용 ‘급감’…최대 증가는 삼성전자
2023-02-08,373220,코스피 1.3%↑…외국인 매수세 상승 견인
2023-02-08,373220,"코스피, 파월 '디스인플레이션' 발언에 1%대 상승…2480선"
2023-02-08,373220,中 배터리기업 잇달아 유럽증시 상장…자금력 앞세워 韓 압박
2023-02-07,373220,"[데이터로 보는 증시]LG엔솔·SK하이닉스, 기관·외국인 코스피 순매수 1위(2..."
2023-02-07,373220,"“화재 손해 물어내라”…코나 전기차 차주들, 1심 패소"
2023-02-07,373220,코스피 2450선 회복…개인 순매수 이어져
2023-02-07,373220,"코스피, 개인 매수세에 강세 마감…2450선"
2023-02-07,373220,"[증시] 코스피, 0.55% 올라 2,450선 턱걸이…기관 순매도 상위 종목은 삼성전..."
2023-02-06,373220,"LG엔솔, 우리사주 보호예수에도…'꺾이지 않는 주가'"
2023-02-06,373220,"LG엔솔, 최대 전기차 시장 中 공장 증설 본격화 [뒷북비즈]"
2023-02-06,373220,달러 강세에 코스피 하락…애플페이 관련株 강세 [마감시황]
2023-02-06,373220,코스피 2438선 후퇴…외국인·기관 매도
2023-02-06,373220,"코스피, 외국인·기관 매도…1%대 약세 출발"
2023-02-05,373220,"LG엔솔, 난징 공장에 소형전지 라인 증설"
2023-02-05,373220,"LG그룹, 2050년까지 탄소중립 추진…‘넷제로 보고서’ 발간"
2023-02-05,373220,"SK온, 대외환경 악화 불구 누적 수주 290조원 돌파…""연 매출 40배"""
2023-02-05,373220,"LG, 2050년 탄소중립 달성…국내 최초 '그룹 차원' 추진"
2023-02-04,373220,[SK證 주간추천주]LG에너지솔루션·이오테크닉스·현대로템
2023-02-04,373220,"미래에셋증권, 2월 첫째주 삼성바이오로직스 등 16종목 매수 추천"
2023-02-03,373220,"계속된 적자, 위기의 SK온…배터리 소송전 참패 후폭풍"
2023-02-03,373220,"[데이터로 보는 증시]NAVER·삼성전자, 기관·외국인 코스피 순매수 1위(2월 ..."
2023-02-03,373220,중소 IPO 주관 쓸어담는 한국투자증권…후끈해진 IPO 시장
2023-02-03,373220,"점유율 줄어든 韓 배터리…中 굳건한 1위, 日은 추격 가세"
2023-02-03,373220,"'이차전지 엔드플레이트 1위' 삼기이브이, 글로벌 전기차와 동행 '주목'"
2023-02-02,373220,"LG엔솔, 美기업에 상용차 배터리 장기 공급"
2023-02-02,373220,"LG엔솔, 미국 FEPS에 전기상용차 배터리 공급"
2023-02-02,373220,"LG엔솔, 전기 상용차 5만대 이상 배터리 공급한다"
2023-02-02,373220,[줄 서는 종목] 성장주 이제 달리자!! [성장주] TOP3
2023-02-02,373220,[코스피 마감]美FOMC 훈풍에 ‘쑥’…반도체·IT 강세
2023-02-01,373220,한규수 MBN골드 매니저 공략주 [LG에너지솔루션(373220)]
2023-02-01,373220,"‘사상 최대 실적’ LG엔솔, 기본급 870% 성과급 ‘잭팟’"
2023-02-01,373220,"(영상)LG엔솔, 성과급 870% 지급...지난해 성과급 2배 수준"
2023-02-01,373220,코스피 1% 상승…FOMC 앞두고 외국인 매수 전환
2023-02-01,373220,"코스피, 개인·외인 매수에 2,450선...삼성전자, 1%대 후반까지 반등"
2023-01-31,373220,"[데이터로 보는 증시]삼성전자·포스코케미칼, 기관·외국인 코스피 순매수 1..."
2023-01-31,373220,"LG화학, 창사 이래 첫 매출액 50조원…영업익은 40% 줄어(종합)"
2023-01-31,373220,"코스피, 이틀째 약세…1%대 하락"
2023-01-31,373220,코스피 1%하락 마감…삼성전자 어닝쇼크·외국인 매도 전환
2023-01-31,373220,"LG화학, 매출 첫 50조 돌파했지만…영업익은 40% '뚝'"
2023-01-30,373220,"‘물량 폭탄’ 맞는 LG엔솔, 테슬라 효과로 극복할까[이코노 株인공]"
2023-01-30,373220,우리사주 물량폭탄에도…상승세 돌아선 LG엔솔
2023-01-30,373220,족쇄 풀린 792만株…LG엔솔 주가 향방은
2023-01-30,373220,코스피·코스닥 전 거래일(27일) 주요 공시
2023-01-30,373220,[쌍끌이 일타강사] 시장이 '받쳐주는' 섹터 올해 영업익 4배 기대! '대보마그...
2023-01-29,373220,"[펀드와치]2차전지株 훨훨…""수요 우려에도 주목"""
2023-01-28,373220,"LG엔솔, 테슬라에 배터리 공급 논의…""애리조나 공장 활용"" [뒷북비즈]"
2023-01-28,373220,"코스피, 기관 순매수도 상위 10종목(27일)...포스코케미칼-삼성전자-SK이노베..."
2023-01-27,373220,"LG에너지솔루션, 지난해 영업이익 1조2137억원…전년비 57.9%↑"
2023-01-27,373220,"테슬라 배터리 공급 논의…LG엔솔 ""애리조나공장 활용"""
2023-01-27,373220,코스피 2484선 마감…5거래일 연속 상승
2023-01-27,373220,"코스피, 닷새째 상승…2500선 '목전'"
2023-01-27,373220,"(영상)LG엔솔, 작년 매출 25조·영업이익 1조 돌파...사상 최대"
2023-01-26,373220,"LG에너지솔루션, 3월 주총부터 전자투표제 도입"
2023-01-26,373220,"[쌍끌이 일타강사] 섹터 순환, 다음 타자는? 차량용 시스템반도체 기업 <넥스..."
2023-01-26,373220,"[데이터로 보는 증시]기아·삼성전자, 기관·외국인 코스피 순매수 1위(1월 2..."
2023-01-26,373220,"코스피, 나흘째 강세…2470선 '목전'"
2023-01-26,373220,코스피 2460선 진입…외국인·기관 동반 매수
2023-01-25,373220,"'운명의 1주일' LG에너지솔루션, 3.7조 물량 풀린다"
2023-01-25,373220,"[데이터로 보는 증시]LG엔솔·삼성전자, 기관·외국인 코스피 순매수 1위(1월..."
2023-01-25,373220,코스피 2400선 돌파…외국인 7600억원 순매수
2023-01-25,373220,"코스피·코스닥지수, 외국인·기관 동반 매수에 상승 마감"
2023-01-25,373220,(영상)대규모 자금 필요한 'SK온'…모회사 'SK이노' 부담 커진다
2023-01-24,373220,"“GM·LG엔솔, 美 배터리 4공장 건설계획 백지화”"
2023-01-24,373220,실적 발표 앞둔 기업들…업종별 희비 갈린다
2023-01-24,373220,"양극재 어닝쇼크 예고 ""출하량 성장세 주목"""
2023-01-22,373220,LG에너지솔루션 상장 1주년…증권가 향후 전망 밝아
2023-01-22,373220,LG엔솔 '3조원 물량폭탄' 째깍째깍…직원들 '안절부절'[선데이머니카페]
2023-01-22,373220,‘인재 상시모집’ 배터리 3사 채용 조건 뜯어보니
2023-01-22,373220,"“세뱃돈 어디갔어” 어린이펀드, 1년 수익률 '부진'"
2023-01-21,373220,"美 WSJ ""GM, LG엔솔과의 합작 배터리 4공장 건설계획 백지화"""
2023-01-21,373220,"이노메트리, BYD향 손실 마무리…사상 최대 수주 달성에 호실적 기대"
2023-01-20,373220,"LG엔솔, 서울대와 배터리 산학협력"
2023-01-20,373220,"LG에너지솔루션-서울대학교, 산학협력센터 설립 MOU 체결"
2023-01-20,373220,코스피 약보합세…은행株 4거래일만에 반등 [개장시황]
2023-01-20,373220,"코스피, 2395선 마감....0.63% 상승"
2023-01-20,373220,"코스피, 외인 매수 지속에 상승…2380선"
2023-01-19,373220,"테슬라 잘 팔리네…2차전지주, 투심 개선되나"
2023-01-19,373220,"[데이터로 보는 증시]LG전자 삼성전자, 기관·외국인 코스피 순매수 1위(1월 ..."
2023-01-19,373220,"'3분기째 적자' LGD, 고강도 사업구조 개편…LG엔솔·SK온은 해외공장 재검토"
2023-01-19,373220,ELW 시장 변화 분위기...증권사들 신규 상장 '봇물'
2023-01-19,373220,"코스피, 기관 매도에 하락 출발…2360선"
2023-01-18,373220,"[데이터로 보는 증시]삼성전기·LG생활건강, 기관·외국인 코스피 순매수 1위..."
2023-01-18,373220,K-배터리와 손잡는 증권사들...생태계 구축 시너지 기대감
2023-01-18,373220,"코스피, 외국인 순매도에 하락 출발…2360선"
2023-01-18,373220,KG모빌리티 첫 신차 '토레스 EVX'…코란도 악몽 지운다
2023-01-18,373220,[오후 시황] 외인·기관 매도세에 코스피 약보합…2360선
2023-01-17,373220,"코스피, 외인·기관 매도에 2400선 밑으로"
2023-01-17,373220,"[오후 시황] 코스피, 외국인·기관 동반 매도세에 2390선 밑으로"
2023-01-17,373220,"코스피, 열흘 만에 약세 마감…2370선"
2023-01-17,373220,"코스피, 기관 매도세에…0.9% 하락하며 2379선 마감"
2023-01-17,373220,"코스피, 개인 매도에 2,390선서 안간힘...삼성전자 소폭 '오르막'"
2023-01-16,373220,"""주식시장 침체에""...주가 100만원 이상 '황제주' 전멸"
2023-01-16,373220,"한화·LG엔솔, 배터리 사업 전방위 협력…美 생산라인 공동 투자"
2023-01-16,373220,"LG엔솔·한화, 배터리사업 맞손…미국 ESS 시장 등 공략"
2023-01-16,373220,"LG에너지솔루션-한화그룹, 배터리 사업 전방위 협력 나서"
2023-01-16,373220,"삼기이브이, 이차전지 부품 시장 1등 기업 목표 ""매출 30% 성장 자신"""
2023-01-15,373220,"[펀드와치]날아오른 2차전지株…""불확실성 요인 유의"""
2023-01-15,373220,[주간추천주]중국 리오프닝 기대감↑…넷마블·코스맥스·삼성전기
2023-01-13,373220,"LG에너지솔루션-혼다, 美 배터리 합작공장 설립…양사 5조원 투자"
2023-01-13,373220,"LG엔솔·혼다, 美합작법인 설립…한·일 ‘배터리 협력’ 첫 사례"
2023-01-13,373220,"LG엔솔-혼다, 미 배터리 합작법인 설립…2025년말 양산"
2023-01-13,373220,"미국 물가둔화 호재에 코스피 상승, 환율 하락...연준의 긴축완화 기대감, 국..."
2023-01-13,373220,"코스피, 美 CPI 속 2,380선까지 안착...삼성전자도 '오름세'"
2023-01-12,373220,"LG, 설맞이 협력사 대금 1.2조원 조기 지급"
2023-01-12,373220,"LG, 1.2조 납품대금 앞당겨 준다"
2023-01-12,373220,7일째 상승세 코스피…2365.10 마감
2023-01-12,373220,"코스피, 개인·외인 매수에 2,360선 안착...삼성전자 주가 약세"
2023-01-12,373220,"[증시] 코스피, 미국 물가발표 앞두고 관망세…외인 순매수 상위 종목은 삼성..."
2023-01-11,373220,"삼전·LG전자·LG엔솔, 어닝쇼크에도 주가 오르는 이유는"
2023-01-11,373220,"美 국무부 차관, 정의선과 IRA 논의…배터리·반도체 기업인도 만나"
2023-01-11,373220,투자 제동 걸린 SK온…내실 없는 문어발식 투자 '빨간불'
2023-01-11,373220,"코스피, 개인·외인 매수에 2,350선 위로...삼성전자 '6만 선' 유지"
2023-01-11,373220,"코스피, 인플레이션 완화 기대감에 강보합…2359.53 마감"
2023-01-10,373220,[코스피 마감]파월 연설 앞두고 짙어진 관망세…2350선 강보합
2023-01-10,373220,"[증시] 코스피, 중국의 입국 규제 여파 속 2,350대 보합세 마감…기관 순매수..."
2023-01-10,373220,"[장 마감 후 공시] LG에너지솔루션, 백광산업, EV수성 등"
2023-01-10,373220,"[특징주] LG 2형제, 美 포드사 합작 배터리공장 설립 소식에 장 초반 강세"
2023-01-10,373220,[코스피·코스닥 전 거래일(9일) 주요 공시
2023-01-09,373220,"LG엔솔, 지난해 영업이익 1.2조…연간 최대 실적"
2023-01-09,373220,"LG엔솔, 지난해 영업익 1.2조…전년비 57.9%↑"
2023-01-09,373220,"LG엔솔, 작년 영업익 1조 돌파…연간 최대 실적"
2023-01-09,373220,"LG엔솔, 2022년 영업익 1.21조…전년비 57.9%↑"
2023-01-09,373220,"[공시] LG에너지솔루션, 4분기 영업익 2734억…전년比 214%↑"
2023-01-06,373220,"LG엔솔, 일회성 이슈로 4Q 실적 부진…목표가↓ -신한"
2023-01-06,373220,"LG엔솔마저 4분기 실적 우려 …""재고·성과급 비용 2000억 발생할 듯"""
2023-01-06,373220,"코스피, 외인·기관 동반 매수에 1% 넘게 상승…2280선"
2023-01-06,373220,"코스피, 반도체 훈풍에 2300대 바짝…2298.97 마감"
2023-01-06,373220,"[증시] 코스피, 외인·기관 매수에 2,280대 안착…외인 순매수 상위 종목은 삼..."
2023-01-05,373220,"LG화학, LG엔솔 지분 매각 여부 중요-유안타"
2023-01-05,373220,"中 굴기에 K제조업 위태…OLED도, LNG선도 벼랑 끝 [뒷북비즈]"
2023-01-05,373220,"코스피, 외인 매수에 2거래일 연속 상승 마감…2260선"
2023-01-05,373220,"[증시마감] 코스피, 외국인 대량 매수에 2,260선 마감"
2023-01-05,373220,"코스피, 외국인 순매수에 상승…2264.65 마감"
2023-01-04,373220,발등에 떨어진 불…4분기 '어닝쇼크' 주의보
2023-01-04,373220,"LG에너지솔루션, 북미 위주 출하량 성장 기대"
2023-01-04,373220,[특징주] 테슬라發 공포에 2차전지주 하락세
2023-01-04,373220,"코스피, 5일째 약세…기관 매물 출회 여전"
2023-01-04,373220,"코스피, 기관·개인 매수에 2,230선 상승...삼성전자 3%대 급등"
2023-01-03,373220,"""LG엔솔, 1분기부터 美 수요 강세 기대…수요 우려 지나치다"""
2023-01-03,373220,兆대어·바이오 없는 1월 IPO…증시 한파 뚫을까
2023-01-03,373220,"코스피, 장중 1%대 약세 딛고 2210선 마감"
2023-01-03,373220,"코스피, 기관 매도세에 하락…2218.68 마감"
2023-01-03,373220,"[증시] 코스피, 기관 매도에 나흘째 약세…기관 순매도 상위 종목은 삼성전자..."
2023-01-02,373220,"(신년사)권영수 LG엔솔 부회장 ""'강한 실행력'으로 미래 준비"""
2023-01-02,373220,제2의 LG엔솔 나올까…“새해 IPO 침체 지속 전망”
2023-01-02,373220,상장 연기·철회 IPO 재도전...증권사·시장 분위기 반전 될까
2023-01-02,373220,"""LG엔솔, 4분기 실적 컨센서스 하회 예상…'잠시 숨 고르기'"""
2023-01-02,373220,계묘년 첫날 주가 오르고 환율 하락…'안정' 출발
2022-12-31,373220,"[한證막] 코스피, 배당락일·테슬라발 악재에 '털썩'"
2022-12-30,373220,'태조이방원'의 해…2차전지·리튬 뜨고 게임 지고
2022-12-30,373220,올해 코스피 4년 만에 약세장 마침표…시총 19.8% 증발
2022-12-30,373220,'단군 이래 최대어' LG엔솔에 가려진 IPO 시장 그림자
2022-12-30,373220,"美, IRA 보조금에 ‘리스 전기차’ 포함…현대차 “비중 5→30% 확대”"
2022-12-29,373220,"[시그널] '대어' LG엔솔 잡은 KB證, 올 IPO 주관 1위 꿰찼다"
2022-12-29,373220,코스피 4년만 하락…주요국 뒤에서 세 번째 낙폭
2022-12-29,373220,"코스피, 폐장일 2250선 탐색...삼성전자 1%대 '미끄럼'"
2022-12-29,373220,"코스피, 2022년 마지막 거래일 2% 하락 마감"
2022-12-29,373220,[오후시황] 증시 폐장일 2250선까지 반납한 코스피
2022-12-28,373220,테슬라발 전기차 수요 우려에…국내 2차전지도 하락
2022-12-28,373220,[주식 초고수는 지금] LG생활건강 매수세 집중…中 리오프닝 수혜 기대감 '솔...
2022-12-28,373220,[특징주]테슬라 쇼크에 LG엔솔 등 2차전지株 동반 하락
2022-12-28,373220,"코스피, 배당락일 맞아 기관·외인 매도 공세…2280선 마감"
2022-12-28,373220,"코스피, 배당락에 2,280선까지 밀려...삼성전자 2%넘게 후진"
2022-12-27,373220,"LG전자, 창원 LG스마트파크에 '피크절감용 ESS' 구축..""온실가스 저감"""
2022-12-27,373220,"코스피, 배당락 앞두고 2,330대로 상승…기관 순매수 상위 종목은 삼성전자·..."
2022-12-27,373220,"코스피, 기관 매수에 2,330선 턱밑...삼성전자, 배당락일 앞두고 상승세"
2022-12-27,373220,"코스피, 배당락 앞두고 2330선 회복…2332.79 마감"
2022-12-27,373220,[코스피 마감] 2330선 회복…개인·기관 힘겨루기
2022-12-26,373220,"LG엔솔, 높은 성장성과 이익안정성에 매출확대 기대-KB"
2022-12-26,373220,[주식 초고수는 지금] 여전히 뜨거운 리튬 테마株…하이드로리튬·미래나노텍...
2022-12-26,373220,"코스피, 기관 매수에 소폭 상승…2310선 마감"
2022-12-26,373220,"코스피, 개인·외인 매도에 2,310선 후퇴...삼성전자, 소폭 약세"
2022-12-26,373220,"코스피, 기관 순매수에 상승…2317.14 마감"
2022-12-24,373220,"[포스트IPO] LG에너지솔루션, 증시 한파에도 50%대 공모투자 수익률 ... ""202..."
2022-12-23,373220,[특징주] 테슬라 9% 급락에 韓 2차전지 주가도 '뚝'
2022-12-23,373220,[코스피 마감]2320도 붕괴…거래종목 5개 중 4개 내렸다
2022-12-23,373220,"수분 뺀 건식 배터리, 주춤하지만 멈추진 않는다"
2022-12-23,373220,"[2022 그룹결산②] '선택과 집중' 구광모號 LG, 체질 개선 방점"
2022-12-23,373220,"코스피, 개인·외국인 매도세에 하락…2313.69 마감"
2022-12-22,373220,"LG엔솔, 단기 주가 조정 불가피…내년 2분기부터 반등-유안타"
2022-12-22,373220,올해 IPO 규모 16조1000억원.…역대 두번째 규모지만 쏠림 심화
2022-12-22,373220,"코스피, 기관 순매수에 6거래일만에 상승…2350선"
2022-12-22,373220,"[오후시황] 기관 3049억 원 순매수…코스피, 0.82% 상승한 2348"
2022-12-22,373220,"코스피, 기관 매수에 2,340선↑...삼성전자, 증권가 긍정 전망에 '오름'"
2022-12-21,373220,"잘나가던 LG엔솔, 심상찮은 뒷걸음질…불안한 우리사주"
2022-12-21,373220,"LG화학·재영텍, 북미 전지 재활용 합작사 내년 설립"
2022-12-21,373220,"[마감 시황] 코스피, 모멘텀 공백 속 하락 마감…2320선"
2022-12-21,373220,한·중 공동 '반도체·전기차' ETF 상장...성장 유망 섹터 투자
2022-12-21,373220,"30대 그룹 계열사간 채무보증, 작년 말보다 15조원 늘어…SK 최대"
2022-12-20,373220,"LG엔솔, 중장기 성장 지속…주가 조정시 비중 확대 -하이"
2022-12-20,373220,"LG엔솔, 오창공장 배터리 생산라인 '4조원' 투자"
2022-12-20,373220,"""LG엔솔 목표가 66만→63만원…4분기 실적 시장 기대치 하회 전망"""
2022-12-20,373220,"코스피, 외인·기관 동반 매도에 하락 마감…2330선"
2022-12-20,373220,"코스피, 글로벌 긴축 기조에 하락세 지속…2333.29 마감"
2022-12-19,373220,"LG엔솔, ‘4조 투자’ 오창공장 배터리 생산라인 신·증설"
2022-12-19,373220,"LG에너지솔루션, 스텔란티스 배터리 합작공장 순항"
2022-12-19,373220,"""가장 반발하는 국가""…韓정부 IRA 대응, 美 현지서 주목"
2022-12-19,373220,"[마감 시황] 코스피 2350선 가까스로 수성…""증시 상방 재료 전무"""
2022-12-19,373220,"코스피, 외인·개인 매도에 0.3% 하락 마감…2350선"
2022-12-18,373220,'기관 뻥튀기' IPO 허수청약 바로잡는다
2022-12-18,373220,성장株 추락·배터리株 질주…시총 상위권 순위 '지각변동'
2022-12-16,373220,"코스피, 낙폭 줄이며 양전 시도… 2358선"
2022-12-16,373220,"[마감 시황] 매파 연준에 급락했던 코스피, 외국인·개인 매수세에 약보합 마..."
2022-12-16,373220,"노무라 ""내년 코스피 2,750 전망"""
2022-12-16,373220,"코스피, 기관 매도에 2,340선 후퇴...삼성전자 다시 5만전자 수렁"
2022-12-16,373220,"코스피, 외국인 순매수 속 약보합…2360.02 마감"
2022-12-15,373220,너무 달렸나…테슬라 기침에 드러누운 2차전지주
2022-12-15,373220,"“LG엔솔 주가, IRA 시행 후인 내년 2분기에야 반등 전망”"
2022-12-15,373220,"한국투자증권, 삼성전자·SK하이닉스 기초...ELW 신규 상장"
2022-12-15,373220,"환율, 다시 1,300원대로…코스피는 매파 연준에 1.60%↓"
2022-12-15,373220,"코스피, 매파적 FOMC 결과에 1%넘게 하락…2360선"
2022-12-14,373220,올해 시장 주도했던 2차전지株 왜 떨어지나?
2022-12-14,373220,[특징주]테슬라 美 증시 급락에 국내 2차전지주도 약세
2022-12-14,373220,[데이터로 보는 증시]코스피 기관·외국인·개인 순매수·순매도 상위종목(12...
2022-12-14,373220,미국 CPI 호재에 코스피 1%대 반등 성공
2022-12-14,373220,"코스피, 기관·외인 매수에 2,390선 위로...삼성전자 1%대 상승"
2022-12-13,373220,"LG엔솔·GM 합작 얼티엄셀즈, 美 투자 자금 3.2조 확보"
2022-12-13,373220,"LG엔솔-GM 합작법인, 25억달러 투자 자금 확보"
2022-12-13,373220,[그래픽] 'K-배터리' 미국 주요 생산설비
2022-12-13,373220,"LG엔솔·GM 합작사, 미 정부서 3.27조 한도 자금 조달"
2022-12-13,373220,"코스피, 美 CPI·FOMC 앞두고 약보합…2372.4 마감"
2022-12-12,373220,"美정부, GM·LG에너지솔루션 전기차 합작 투자 $25억 대출 확정"
2022-12-12,373220,[데이터로 보는 증시]코스피 기관·외국인·개인 순매수·순매도 상위종목(12...
2022-12-12,373220,[코스피 마감]FOMC 앞두고 움츠러든 韓증시… 개인·기관 ‘팔자’에 약보합
2022-12-12,373220,"코스피, 기관 '팔자' 2370선 사수"
2022-12-12,373220,"코스피, 기관·외인 매도에 2,370선 약세...삼성전자, 1%넘게 하락"
2022-12-11,373220,"'지수편입 후 급락 공식'…""LG엔솔도 예외 아니다?"""
2022-12-11,373220,떨어지는 주가 속 목표주가도 '뚝'…네카오는 반토막
2022-12-10,373220,[다음주 증시 전망] FOMC·中 제로 코로나 완화 vs 경기침체 진입…관망세 예...
2022-12-10,373220,"코스피, 기관 순매수도 상위 10종목(9일)...삼성전자-NAVER-SK하이닉스"
2022-12-10,373220,"시장의 관심은 CPI 와 FOMC로..시장은 이미 대비하고 있어..비트코인 박스권,..."
2022-12-09,373220,"[내 종목을 부탁해] 복잡한 계좌 해결 방법은? <네패스, 일동제약, GS건설>"
2022-12-09,373220,공매도 폭탄 맞은 LG엔솔…이날 공매도 거래 제한
2022-12-09,373220,"[오후 시황] 코스피, 외인·기관 '쌍끌이'에 2390선 '터치'"
2022-12-09,373220,"코스피, 외인·기관 매수에 상승 마감…2380선"
2022-12-09,373220,"코스피, 기관·외인 매수에 2,370선 오르막...삼성전자 다시 '6만 전자'"
2022-12-08,373220,"[특징주]LG엔솔, 외국계 매도세 집중에 5%대 ‘약세’"
2022-12-08,373220,[특징주] 테슬라 수요 둔화 우려에 LG에너지솔루션 5% 급락
2022-12-08,373220,외국인 '바이코리아' 끝났나…나흘간 약 1조원 순매도
2022-12-08,373220,"코스피, 약보합 마감…2370선 후퇴"
2022-12-08,373220,"코스피, 하락 마감…경기 둔화 우려 外人 매도 지속"
2022-12-07,373220,"LG엔솔, 배터리 협력사 해외진출 돕는다"
2022-12-07,373220,'벌써 13번째 상장철회'…올해 IPO 규모 코로나 이전 회귀
2022-12-07,373220,"코스피, 외인·기관 동반 매도에 하락 마감…2380선"
2022-12-07,373220,"[증시] 코스피, 경기침체 우려에 나흘 연속 하락…외인 순매도 상위 종목은 S..."
2022-12-07,373220,"코스피, 외국인·기관 매도에 4거래일 연속 하락…2382.81 마감"
2022-12-06,373220,[데이터로 보는 증시]코스피 기관·외국인·개인 순매수·순매도 상위종목(12...
2022-12-06,373220,POSCO Chemical to supply anode materials worth 900 billion won to LG Ene...
2022-12-06,373220,"코스피, 장중 낙폭 축소하며 2400선 회복"
2022-12-06,373220,"코스피, 긴축 지속 우려에 장초반 1% 하락"
2022-12-06,373220,"코스피, 개인 매도에 2,400선 턱밑...삼성전자 '6만선' 하회"
2022-12-05,373220,"포스코케미칼, 美 얼티엄셀즈에 음극재 9400억 공급"
2022-12-05,373220,"포스코케미칼, 인조흑연 음극재 9393억 첫 수출"
2022-12-05,373220,[코스피 마감]개장 내내 롤러코스터…약세로 돌아서며 2420선↓
2022-12-05,373220,"[속보] 러시아 원유 ""공급 중단"" 가격상한제 반발 뉴욕증시 비트코인 국제유가..."
2022-12-05,373220,"코스피, 외국인·기관 매도에 하락…2419.32 마감"
2022-12-04,373220,"LG엔솔, 북미 배터리 2위 굳혔다…GM과 美공장 3600억 추가 투자"
2022-12-04,373220,"LG엔솔, 북미 전기차 배터리 점유율 2위…파나소닉 1위·CATL 3위"
2022-12-03,373220,"LG엔솔·GM, 美 테네시 배터리 공장에 3600억원 추가 투자 결정"
2022-12-02,373220,"""테슬라보다 비싼 LG엔솔…프리미엄 적절한지 의문"""
2022-12-02,373220,[데이터로 보는 증시]코스피 기관·외국인·개인 순매수·순매도 상위종목(12...
2022-12-02,373220,"코스피, 기관·외인 매도에 2,460선 턱밑...삼성전자·하이닉스 1%대↓"
2022-12-02,373220,"[단독] 삼성전자, 임원 퇴직 대거 통보…'뉴삼성' 부사장 줄인다"
2022-12-02,373220,"K배터리 3사, 글로벌 점유율 7%P 하락"
2022-12-01,373220,[데이터로 보는 증시]코스피 기관·외국인·개인 순매수·순매도 상위종목(12...
2022-12-01,373220,"미국발 훈풍에 환율 1,300원 밑으로…약 4개월만"
2022-12-01,373220,"LG CNS, 사우디 장관에 스마트시티 기술 소개"
2022-12-01,373220,"코스피, 12월 FOMC 기대감에 상승 마감"
2022-12-01,373220,"[증시] 미국발 훈풍에 환율 1,300원 밑으로…코스피 기관 순매수 상위 종목은..."
2022-11-30,373220,[데이터로 보는 증시]코스피 기관·외국인·개인 순매수·순매도 상위종목(11...
2022-11-30,373220,연말까지 지루한 박스피…실적주를 찾아라
2022-11-30,373220,"코스피, 외인 매수에 1%대 상승…2470선"
2022-11-30,373220,"코스피, 외국인 '사자'에 1.6% 올라…외인 순매수 상위 종목은 삼성전자·LG에..."
2022-11-30,373220,"코스피, 개인·외인 매수에 2,440선 안착...삼성전자·하이닉스 '상승'"
2022-11-29,373220,"현대차, SK온·LG엔솔과 ‘더블 파트너’ 추진[뒷북비즈]"
2022-11-29,373220,"[증시] 코스피, 외인·기관 매수에 반등…기관 순매수 상위 종목은 삼성전자·..."
2022-11-29,373220,"코스피, 中 코로나 정책 완화 기대감에 상승…2433.39 마감"
2022-11-29,373220,[데이터로 보는 증시]코스피 기관·외국인·개인 순매수·순매도 상위종목(11...
2022-11-29,373220,완성차-배터리 '전기차 동맹' 본궤도
2022-11-28,373220,"엔켐, 美 4개 주에 전해액 공장 대규모 추가 증설 추진"
2022-11-28,373220,"현대차, SK온·LG엔솔과 '더블 파트너' 추진…미국 IRA대응 속도전"
2022-11-28,373220,"코스피, 2410선 하락 출발…외인·기관 '팔자'"
2022-11-28,373220,"코스피, 기관·외인 매도에 2,410선 하회...삼성전자 '5만 전자'로 털썩"
2022-11-28,373220,"코스피, 중국발 코로나 방역강화에 '흔들'…모든 업종 약세"
2022-11-27,373220,키오스크 기부 '엔솔터치' LG엔솔 직원 900명 동참
2022-11-27,373220,"""코란도 이모션·U100""…쌍용차, 전기차 앞세워 경영 정상화 앞당긴다"
2022-11-26,373220,"증권사, 시장 침체에 손 놓은 '탄소배출권'...정부 방안에 '속도전'"
2022-11-25,373220,"LG엔솔 김동명 자동차전지사업부장, 사장 승진"
2022-11-25,373220,[데이터로 보는 증시]코스피 기관·외국인·개인 순매수·순매도 상위종목(11...
2022-11-25,373220,[코스피 마감]4거래일째 개인 팔자…0.14% 하락마감
2022-11-25,373220,"1조클럽 증권사, 올해는 메리츠證만?"
2022-11-25,373220,"코스피, 기관·외인 매수에 2,440선 안착...삼성전자 '6만 선' 유지"
2022-11-24,373220,[프로필]김동명 LG에너지솔루션 자동차전지사업부장 사장
2022-11-24,373220,"LG, 젊은피 대거 수혈…'안정 속 변화' 선택"
2022-11-24,373220,[데이터로 보는 증시]코스피 기관·외국인·개인 순매수·순매도 상위종목(11...
2022-11-24,373220,"LG, '미래 설계' 인사 단행…구광모 ""미래준비 실행력 높여야"""
2022-11-24,373220,"코스피, 美 금리인상 속도조절 소식에 상승…2441.33 마감"
2022-11-23,373220,"'될놈될' LG엔솔, 외국인은 7거래일째 사들였다"
2022-11-23,373220,"""LG엔솔, IRA에 가장 특화…목표가 71만원으로 상향"""
2022-11-23,373220,"LG디스플레이, 타 계열사 인력 전환 배치 추진"
2022-11-23,373220,"코스피, 외국인 순매수에 반등…2418.01 마감"
2022-11-23,373220,"[증시] 코스피, 외인 홀로 순매수 속 소폭 상승…외인 순매수 상위 종목은 삼..."
2022-11-22,373220,"LG엔솔, 얼티엄셀즈 홀딩스 지분 50% 현물 출자 결정"
2022-11-22,373220,"[장 마감 후 공시] LG에너지솔루션, 기아, 메리츠금융지주 등"
2022-11-22,373220,"[기업 공시 11월 21일]GS건설, 시민공원주변 재정비촉진지구 촉진1구역 시공자..."
2022-11-22,373220,(영상)주요 대기업 재고자산 165조…IT·전자 58조 '최다'
2022-11-22,373220,"코스피, 개인·기관 매도에 2,410선 보합권...삼성전자 '주춤'"
2022-11-21,373220,장 마감 후 기업 공시 [11월 21일]
2022-11-21,373220,"한숨 돌린 카카오페이, ‘잭팟 두근두근’ LG엔솔 우리사주"
2022-11-21,373220,"오후에도 코스피 1% 넘게 하락…""中 코로나19 확산 여파"""
2022-11-21,373220,"코스피, 외인 '팔자'에 2410선 후퇴"
2022-11-21,373220,"코스피, 외인 매도에 2,410선 후퇴...삼성전자·하이닉스 '약세'"
2022-11-19,373220,"미래에셋증권, 11월 셋째주 LG에너리솔루션 등 16종목 매수 추천"
2022-11-18,373220,"LG에너지솔루션, POSTECH과 배터리 산학협력체계 구축"
2022-11-18,373220,"LG엔솔·포항공대, 배터리 소재·공정 개발 협력"
2022-11-18,373220,"LG엔솔, 코스피200·MSCI 정기변경 '더블 수혜' 입을까"
2022-11-18,373220,"[단도직입] 통신장비주와 로봇주, 하락장 속 선방 의미는?"
2022-11-18,373220,[배정철이야기] 롯데케미칼·금호석화·한화솔루션 외
2022-11-17,373220,[데이터로 보는 증시]코스피 기관·외국인·개인 순매수·순매도 상위종목(11...
2022-11-17,373220,"코스피, 외인 매도세에 하락 출발…2460선"
2022-11-17,373220,"코스피, 외국인·기관 매도세에 하락…2442.9 마감"
2022-11-17,373220,"[증시] 코스피, 외인·기관 매도에 2,440대로 하락, 환율 14.1원 올라…외인 ..."
2022-11-17,373220,[오후시황] 외국인 순매도세에 코스피 2450선 위협
2022-11-16,373220,[데이터로 보는 증시] 유가증권 올해 3분기 흑전·적전 기업
2022-11-16,373220,"코스피, 기관 매도에 약보합 마감…2470선"
2022-11-16,373220,"[속보] 폴란드 미사일 폭발 ""러시아 궁극 책임"" 나토(NATO) 긴급회의 결론… ..."
2022-11-16,373220,"코스피, 러시아발 지정학적 불안에 약보합…2477.45 마감"
2022-11-16,373220,폴란드 러시아 미사일 피격 소식에 코스피 소폭 하락·환율 7.4원 상승…기관...
2022-11-15,373220,[데이터로 보는 증시]코스피 기관·외국인·개인 순매수·순매도 상위종목(11...
2022-11-15,373220,"미래에셋증권, ELW 241개 종목 신규 상장"
2022-11-15,373220,"삼성·LG, 연말 정기인사 임박…3세 경영 '본궤도'"
2022-11-15,373220,"코스피, 외인 순매도에 2,460선 약세...삼성전자 소폭 '후진'"
2022-11-15,373220,"[증시] 코스피, 소폭 올라 2,480선 회복…외인 순매도 상위 종목은 삼성SDI·..."
2022-11-14,373220,"KB證 ""삼성전자·LG엔솔, 소수점 거래계좌 매수금 55% 차지"""
2022-11-14,373220,"[마감 시황] 코스피, 차익실현 매물 출회로 2470선 하락 마감"
2022-11-14,373220,"블룸버그 ""외국인 자금, 미중갈등 '대안' 찾아 韓 반도체주 등 집중 유입""…삼..."
2022-11-14,373220,"[속보] 달러 강세 ""우려"" 재닛옐런 기자회견… 뉴욕증시 비트코인 ""미국 환율..."
2022-11-14,373220,"코스피, 2500 못넘고 하락 전환…2470선 마감"
2022-11-12,373220,"[기업뉴스 브리핑] LG에너지솔루션, 美 컴파스로부터 미네랄 탄산리튬 물량 확..."
2022-11-12,373220,'6만전자' 굳히기 들어간 삼성전자…개인은 '대탈출'
2022-11-11,373220,'역대급 피바람' MSCI…10개 종목서 6630억 매물 나온다
2022-11-11,373220,"LG엔솔, 미 업체로부터 탄산리튬 연 4440톤 확보"
2022-11-11,373220,[데이터로 보는 증시]코스피 기관·외국인·개인 순매수·순매도 상위종목(11...
2022-11-11,373220,"코스피, 美 물가상승률 둔화에 3%↑…2483.16 마감"
2022-11-11,373220,[증시] 미국 인플레 둔화에 코스피·코스닥 3% 급등·환율 59원 급락…기관 순...
2022-11-10,373220,[특징주] LG엔솔 60만 원 돌파…52주 신고가
2022-11-10,373220,"코스피, 외국인 '팔자' 전환 속 하락…2410선"
2022-11-10,373220,"[N2 증시 풍향계] LG에너지솔루션, 60만원 돌파해 신고가·삼성전자, 5거래일..."
2022-11-10,373220,"코스피, 2400선 턱걸이…美CPI⋅가상화폐 변동성 영향"
2022-11-10,373220,"(단독)NVH코리아, 모든 전기차 배터리팩 커스터마이징 나선다"
